L1FLnI_12q21.31da::chr12:84038142-84047307(-)	1
L1FLnI_7q11.23d::chr7:77084014-77094184(-)	1
L1FLnI_8q23.3m::chr8:112820142-112828910(-)	1
L1FLnI_6q22.31da::chr6:122952436-122961169(+)	1
L1FLnI_5q21.3n::chr5:107153986-107164356(+)	1
L1FLnI_Xq22.1k::chrX:99480030-99488908(-)	7
L1FLnI_7p14.3x::chr7:34199732-34209777(-)	1
L1FLnI_17q11.1b::chr17:26732275-26742369(+)	2
L1FLnI_3q13.13u::chr3:110631516-110641551(-)	1
L1FLnI_22q11.1o::chr22:17020633-17030769(+)	1
L1FLnI_8q23.3q::chr8:113979147-113987809(+)	1
L1FLnI_3q23r::chr3:141134864-141144979(-)	1
L1FLnI_16p12.3g::chr16:18604551-18614693(+)	1
L1FLnI_Xq13.3va::chrX:76263906-76273929(+)	1
L1FLnI_Xp11.21xa::chrX:56489034-56499084(-)	1
L1FLnI_13q31.2a::chr13:87227132-87239144(-)	1
L1FLnI_6q21aa::chr6:112913866-112923818(-)	3
L1FLnI_Xq13.2ma::chrX:74686838-74696991(-)	1
L1FLnI_4p16.1h::chr4:10847644-10858405(-)	1
L1FLnI_Xq27.2b::chrX:141536674-141546599(-)	1
L1FLnI_6p22.1j::chr6:30080089-30090125(-)	1
L1FLnI_18q12.2b::chr18:35146531-35156129(-)	1
L1FLnI_4q26oa::chr4:118776593-118786742(-)	1
L1FLnI_4p15.1m::chr4:32360076-32370080(-)	1
L1FLnI_9p11.1b::chr9:42542551-42551065(-)	1
L1FLnI_18q12.3n::chr18:43980486-43990886(+)	1
L1FLnI_3q22.1v::chr3:133170207-133180318(+)	1
L1FLnI_16p12.3e::chr16:17902926-17913064(+)	1
L1FLnI_5q12.3l::chr5:64933591-64944076(-)	1
L1FLnI_2q14.1w::chr2:117355798-117365848(+)	1
L1FLnI_3q26.2j::chr3:170924415-170933770(-)	1
L1FLnI_14q21.1ha::chr14:40322708-40332735(+)	1
L1FLnI_Xq21.33ea::chrX:96338752-96347280(-)	2
L1FLnI_13q14.3u::chr13:54280876-54291256(-)	1
L1FLnI_8q21.13b::chr8:74942138-74952178(-)	1
L1FLnI_12q21.32n::chr12:87198552-87209888(+)	1
L1FLnI_15q11.2a::chr15:20625351-20635738(+)	1
L1FLnI_5q31.1g::chr5:131887211-131897238(-)	1
L1FLnI_13q33.3f::chr13:107937182-107946587(+)	1
L1FLnI_8q24.13b::chr8:121997771-122007745(+)	1
L1FLnI_21p11.2q::chr21:10766253-10776306(+)	1
L1FLnI_3q22.1da::chr3:133723175-133733311(-)	1
L1FLnI_4p15.31j::chr4:18488258-18497054(+)	1
L1FLnI_3q22.2e::chr3:135024710-135034749(-)	1
L1FLnI_9q34.3::chr9:138323715-138334137(-)	8
L1FLnI_1p12q::chr1:118634254-118644415(+)	2
L1FLnI_15q13.2a::chr15:30239861-30249898(-)	1
L1FLnI_5q14.2f::chr5:82866361-82876288(-)	1
L1FLnI_5q22.3a::chr5:114017459-114027882(+)	1
L1FLnI_1p21.3l::chr1:95968446-95978868(-)	1
L1FLnI_3q13.32j::chr3:119041633-119051649(+)	1
L1FLnI_Xq26.1l::chrX:131159057-131168388(-)	1
L1FLnI_4q13.3pa::chr4:73627406-73639343(+)	1
L1FLnI_11p14.1l::chr11:28786893-28795995(-)	1
L1FLnI_1q24.3j::chr1:172428116-172438244(+)	1
L1FLnI_7q21.11i::chr7:79642817-79652253(-)	1
L1FLnI_9q21.32f::chr9:82751311-82761366(-)	1
L1FLnI_2q24.1j::chr2:155588684-155597555(+)	1
L1FLnI_13q14.3p::chr13:52564352-52573415(-)	2
L1FLnI_Xq27.1b::chrX:139004362-139014387(+)	1
L1FLnI_9p21.3ba::chr9:24224177-24234170(-)	1
L1FLnI_11q24.2m::chr11:127359662-127369719(+)	1
L1FLnI_4q13.1ea::chr4:61640780-61650803(-)	1
L1FLnI_7p14.1u::chr7:42793455-42802841(+)	1
L1FLnI_5q34e::chr5:160757136-160766837(+)	1
L1FLnI_5p13.2ba::chr5:37642064-37651366(-)	1
L1FLnI_2q35r::chr2:220406717-220416484(-)	1
L1ORF2_Xp22.13::chrX:18103892-18111931(+)	4
L1FLnI_20p11.23g::chr20:18873364-18883662(-)	1
L1FLnI_17q24.2b::chr17:68998631-69008648(-)	1
L1FLnI_12q23.1y::chr12:99480542-99489955(-)	1
L1FLnI_7p14.3f::chr7:31139005-31150624(-)	1
L1FLnI_4p15.1p::chr4:32652268-32661615(-)	1
L1FLnI_12q23.1h::chr12:97199847-97209661(+)	1
L1FLnI_8p12t::chr8:33896562-33905235(-)	1
L1FLnI_8q21.2l::chr8:84615071-84625123(-)	1
L1FLnI_9p11.2h::chr9:42033783-42042741(+)	1
L1FLnI_9q22.33f::chr9:97944862-97955018(-)	1
L1FLnI_3q13.2c::chr3:111752151-111762249(-)	1
L1FLnI_13q14.13b::chr13:45634672-45645129(-)	1
L1FLnI_3p14.2ha::chr3:63729813-63739864(+)	1
L1FLnI_4q22.1y::chr4:91141928-91151218(-)	2
L1FLnI_Xq27.3ba::chrX:147141557-147151661(-)	1
L1FLnI_1p21.1a::chr1:102049504-102058027(+)	1
L1FLnI_8q21.3h::chr8:87621331-87631334(+)	1
L1FLnI_2q14.3y::chr2:124448032-124456811(+)	1
L1FLnI_Xq21.1wd::chrX:82769261-82778515(-)	1
L1FLnI_1p31.1va::chr1:76164560-76173968(-)	1
L1FLnI_3p12.3j::chr3:75091477-75101514(-)	1
L1FLnI_Xq21.1h::chrX:77070752-77079812(-)	1
L1FLnI_18p11.31m::chr18:6062337-6073273(-)	1
L1FLnI_5q11.2w::chr5:53712204-53722650(+)	2
L1FLnI_9q33.1k::chr9:118501047-118511177(+)	1
L1FLnI_1p31.1i::chr1:70594634-70604778(-)	1
L1FLnI_Yq11.221xa::chrY:16373080-16383166(+)	1
L1FLnI_5q15d::chr5:93388992-93399028(-)	1
L1FLnI_Xq27.2g::chrX:142322716-142331681(-)	1
L1FLnI_12q23.1ca::chr12:99784045-99794960(+)	1
L1FLnI_4p14i::chr4:37348202-37358071(-)	1
L1FLnI_12q14.1s::chr12:59792052-59801130(+)	1
L1FLnI_2q23.3z::chr2:153715948-153725966(+)	7
L1FLnI_3q22.3v::chr3:137903464-137913918(+)	1
L1FLnI_3q13.31q::chr3:117354947-117365318(+)	1
L1FLnI_15q14f::chr15:36191873-36201889(+)	1
L1FLnI_12q14.1r::chr12:59792052-59802606(+)	1
L1FLnI_Xq21.31xa::chrX:91239430-91249075(-)	1
L1FLnI_Xq23ca::chrX:112586624-112596780(+)	1
L1FLnI_5q11.2v::chr5:53706260-53716653(-)	3
L1FLnI_8q21.13c::chr8:74942153-74952178(-)	1
L1FLnI_6q22.33l::chr6:128825963-128836122(+)	1
L1FLnI_3p24.3oa::chr3:21966054-21976202(+)	1
L1FLnI_9q21.32g::chr9:82751343-82761366(-)	1
L1FLnI_2q12.1l::chr2:103824747-103835449(-)	1
L1FLnI_9q22.2c::chr9:90329662-90338694(+)	1
L1FLnI_Xq21.1ea::chrX:78236545-78246557(+)	1
L1FLnI_Xp21.1q::chrX:36237391-36246868(+)	1
L1FLnI_5q12.1y::chr5:62854763-62865239(-)	1
L1FLnI_6p12.3x::chr6:49791003-49801011(-)	1
L1FLnI_11q22.1l::chr11:98987368-98997126(-)	1
L1FLnI_6q14.3m::chr6:85301730-85310540(-)	1
L1FLnI_4q27v::chr4:122397504-122408217(-)	1
L1FLnI_Yp11.2p::chrY:1921930-1930906(-)	1
L1FLnI_6p22.3d::chr6:18224890-18234861(+)	1
L1FLnI_12q12t::chr12:39940645-39950585(-)	1
L1FLnI_10q26.12b::chr10:120233800-120243825(-)	1
L1FLnI_11q14.1ba::chr11:85384309-85394562(+)	1
L1FLnI_Xq22.1ta::chrX:102261396-102269952(+)	1
L1FLnI_Xq26.3f::chrX:135261735-135270881(+)	3
L1FLnI_11q22.1da::chr11:100649611-100659021(+)	1
L1FLnI_6q22.31f::chr6:119410444-119420394(-)	1
L1FLnI_1q31.1j::chr1:187217153-187225905(-)	1
L1FLnI_12q21.2n::chr12:77455787-77464942(+)	1
L1FLnI_8p23.2l::chr8:4567661-4578079(-)	1
L1FLnI_Xq11.1n::chrX:63363939-63373701(+)	1
L1FLnI_3q25.1g::chr3:151524907-151535296(+)	1
L1FLnI_11p15.4z::chr11:7731000-7740982(+)	5
L1FLnI_11q22.1ca::chr11:100649611-100659027(+)	1
L1FLnI_10p12.1a::chr10:25246815-25256840(-)	2
L1FLnI_3q12.2i::chr3:101055931-101065666(-)	1
L1FLnI_10q23.31p::chr10:89905290-89914381(-)	1
L1FLnI_Xp11.22m::chrX:51531086-51541094(-)	1
L1FLnI_14q22.3b::chr14:55993554-56003314(-)	1
L1FLnI_8q21.3ra::chr8:91784310-91794051(+)	1
L1FLnI_12p12.2b::chr12:20064239-20073365(+)	1
L1FLnI_3q13.12j::chr3:107691705-107701721(-)	1
L1FLnI_12q24.23g::chr12:119531939-119542054(-)	1
L1FLnI_6q11.1aa::chr6:62334730-62344179(+)	1
L1FLnI_9p24.2j::chr9:3617849-3627883(-)	1
L1FLnI_8q13.3h::chr8:70734968-70744679(-)	1
L1FLnI_4q31.21va::chr4:145563559-145572599(+)	2
L1FLnI_21q22.11d::chr21:33925123-33935106(-)	1
L1FLnI_Xq26.3d::chrX:135257330-135267451(-)	3
L1FLnI_4q13.3u::chr4:71887628-71897159(+)	1
L1FLnI_11q14.1u::chr11:83512036-83522164(-)	1
L1FLnI_4q31.22g::chr4:146539240-146551260(-)	1
L1FLnI_1q21.2d::chr1:149034517-149044638(-)	1
L1FLnI_10q23.31c::chr10:88300472-88309797(+)	1
L1FLnI_11q22.3n::chr11:106333941-106343155(-)	1
L1FLnI_2q32.3t::chr2:194201488-194210710(-)	1
L1FLnI_15q21.1n::chr15:46905835-46914463(+)	1
L1FLnI_1q42.12k::chr1:225211418-225221517(-)	1
L1FLnI_1q21.1f::chr1:146795114-146805699(+)	3
L1FLnI_1q41b::chr1:215175828-215186701(-)	1
L1FLnI_5p14.3k::chr5:20868737-20877815(+)	3
L1FLnI_4p11i::chr4:49617418-49627117(+)	4
L1FLnI_8q13.3q::chr8:71392804-71402909(-)	1
L1FLnI_10q24.31a::chr10:100402831-100413000(+)	1
L1FLnI_Xp22.12o::chrX:21345497-21354837(+)	1
L1FLnI_1p11.2a::chr1:120477224-120487350(+)	1
L1FLnI_7p21.3n::chr7:9360233-9369020(+)	1
L1FLnI_8p22k::chr8:16870791-16880008(-)	1
L1FLnI_2q22.2a::chr2:141566581-141577085(+)	1
L1FLnI_7q11.1b::chr7:60956979-60967119(+)	1
L1FLnI_14q24.1c::chr14:68428266-68438391(-)	1
L1FLnI_8q24.13a::chr8:121997771-122007735(+)	1
L1FLnI_9p23t::chr9:12309036-12319466(-)	1
L1FLnI_Xq22.1ua::chrX:102274144-102285303(-)	3
L1FLnI_4q22.3x::chr4:97478805-97487693(+)	1
L1FLnI_8q24.13p::chr8:126146306-126155675(+)	1
L1FLnI_3p14.2aa::chr3:63252113-63262224(+)	1
L1FLnI_3p11.1r::chr3:89744114-89754158(+)	1
L1FLnI_1q41c::chr1:215177242-215186701(-)	1
L1FLnI_3p24.3ka::chr3:21719589-21728789(+)	1
L1FLnI_13q31.1la::chr13:84449690-84459887(-)	1
L1FLnI_12p12.3e::chr12:15943206-15953337(-)	1
L1FLnI_12q21.31v::chr12:83295956-83306371(+)	1
L1FLnI_3p25.3i::chr3:10654010-10663730(+)	1
L1FLnI_12p11.1a::chr12:33216620-33227080(-)	1
L1FLnI_18q12.1e::chr18:27737227-27747250(-)	1
L1FLnI_10q26.12f::chr10:120667965-120677799(+)	1
L1FLnI_22q11.22d::chr22:22328190-22337459(+)	1
L1FLnI_6q16.3aa::chr6:103518484-103528225(+)	1
L1FLnI_8p22g::chr8:15678158-15688981(-)	1
L1FLnI_12q22d::chr12:93870865-93882492(-)	1
L1FLnI_9p21.3k::chr9:22173602-22183645(+)	1
L1FLnI_6q21o::chr6:110255504-110265621(+)	1
L1FLnI_11q11d::chr11:54708067-54718207(-)	1
L1FLnI_4q24t::chr4:103381594-103392032(+)	1
L1FLnI_Yq11.221aa::chrY:14187683-14196360(-)	1
L1FLnI_Xq13.3ca::chrX:75804299-75814437(-)	1
L1FLnI_9q21.11g::chr9:67480066-67489029(-)	2
L1FLnI_13q32.1c::chr13:95086605-95095786(+)	1
L1FLnI_5q23.3s::chr5:130728595-130738609(+)	1
L1FLnI_8p23.2c::chr8:2378516-2388611(-)	1
L1FLnI_4q13.1k::chr4:59858133-59866867(-)	1
L1FLnI_11q14.2z::chr11:88256702-88267365(-)	1
L1FLnI_5q22.3b::chr5:114017459-114027872(+)	1
L1FLnI_Xq21.33eb::chrX:98832820-98843068(-)	2
L1FLnI_4q32.3m::chr4:164626655-164637181(+)	1
L1FLnI_4p15.2a::chr4:21322636-21332501(-)	1
L1FLnI_12q14.1c::chr12:58053154-58063197(-)	1
L1FLnI_7q31.31o::chr7:120234308-120244475(-)	1
L1FLnI_Xq21.1r::chrX:77328011-77337012(-)	1
L1FLnI_12q13.2a::chr12:54737417-54747993(-)	1
L1FLnI_Xq11.2ha::chrX:64931045-64940525(+)	1
L1FLnI_6q22.1f::chr6:114969876-114979901(-)	1
L1FLnI_15q26.2i::chr15:97295818-97305791(-)	1
L1FLnI_5q21.3g::chr5:106622306-106632311(-)	1
L1FLnI_3p24.3qa::chr3:21982668-21992677(-)	2
L1FLnI_Xq11.2da::chrX:64811520-64820444(+)	1
L1FLnI_9q21.11i::chr9:68274827-68284863(-)	4
L1FLnI_6p22.3q::chr6:22165854-22175976(-)	1
L1FLnI_Xq21.1qc::chrX:81302270-81312484(-)	1
L1FLnI_Xq13.2b::chrX:73048561-73058999(+)	1
L1FLnI_6p12.1d::chr6:53777089-53786149(+)	1
L1FLnI_5q23.2ga::chr5:125981900-125990599(-)	1
L1FLnI_3p22.3r::chr3:35084805-35094866(+)	1
L1FLnI_16p11.1d::chr16:35660256-35669437(+)	1
L1FLnI_Xq28c::chrX:148175650-148185592(-)	1
L1FLnI_Yq11.222q::chrY:18137934-18148029(-)	1
L1FLnI_18p11.21g::chr18:12166636-12176735(-)	1
L1FLnI_12q24.23f::chr12:119531923-119542054(-)	1
L1FLnI_2q24.1ha::chr2:157700677-157711117(+)	1
L1FLnI_7q21.2e::chr7:91737641-91746818(-)	1
L1FLnI_5q12.3b::chr5:64037837-64046742(+)	1
L1FLnI_20p12.3b::chr20:5235274-5245679(-)	1
L1FLnI_12p12.1w::chr12:23461714-23470856(+)	1
L1FLnI_14q31.3o::chr14:86095435-86105541(-)	1
L1FLnI_5q15v::chr5:96355500-96365294(-)	1
L1FLnI_9q33.3c::chr9:125006549-125016712(+)	1
L1FLnI_14q24.1d::chr14:68428267-68438391(-)	1
L1FLnI_11p15.3p::chr11:13793327-13802746(-)	1
L1FLnI_Yp11.2ka::chrY:3987008-3996901(-)	4
L1FLnI_2q31.2l::chr2:179192445-179202431(+)	1
L1FLnI_12p13.33d::chr12:2129804-2139821(-)	3
L1FLnI_2p12db::chr2:83085305-83095331(+)	2
L1FLnI_10q21.2g::chr10:60689461-60699410(+)	1
L1FLnI_12p13.31l::chr12:9521031-9531073(-)	1
L1FLnI_22q12.3e::chr22:34549184-34559208(-)	2
L1FLnI_13q22.1f::chr13:74532949-74542869(+)	1
L1FLnI_12q12y::chr12:41080969-41090971(-)	1
L1FLnI_5p15.1f::chr5:15288431-15298589(+)	1
L1FLnI_2q36.3d::chr2:225820776-225831257(+)	1
L1FLnI_9q33.3e::chr9:126175827-126184365(-)	1
L1FLnI_9q22.31d::chr9:92210909-92220928(+)	1
L1FLnI_Xq21.1rd::chrX:82546033-82556072(-)	1
L1FLnI_11p12w::chr11:39877561-39887529(+)	1
L1FLnI_4q31.21ia::chr4:143768346-143777097(-)	1
L1FLnI_4q31.21u::chr4:142987377-142997542(+)	1
L1FLnI_Xq21.1u::chrX:77371021-77381469(+)	2
L1FLnI_6q22.1ba::chr6:116497370-116507541(+)	1
L1FLnI_4q13.1n::chr4:59888484-59898612(+)	1
L1FLnI_18q21.2i::chr18:53507951-53517956(+)	1
L1FLnI_1p22.2x::chr1:91293307-91303455(+)	1
L1FLnI_3q13.13ha::chr3:111377192-111385881(+)	1
L1FLnI_3q13.11k::chr3:104312496-104322463(+)	1
L1FLnI_1q23.3g::chr1:162100216-162109922(-)	1
L1FLnI_9q21.33c::chr9:85251669-85262110(-)	1
L1FLnI_5q21.1a::chr5:99033814-99044270(+)	1
L1FLnI_10q23.1j::chr10:81087119-81097255(-)	1
L1FLnI_6q12d::chr6:63163488-63173626(+)	1
L1FLnI_9q21.11f::chr9:67365943-67375699(+)	2
L1FLnI_13q14.3x::chr13:54405408-54414084(+)	1
L1FLnI_4q31.3f::chr4:153101346-153111447(-)	1
L1FLnI_3q26.32f::chr3:176479370-176489500(-)	1
L1FLnI_6q11.1k::chr6:60980454-60990574(-)	1
L1FLnI_15q25.3n::chr15:87013044-87022217(+)	1
L1FLnI_2q14.3ba::chr2:125026140-125034675(-)	1
L1FLnI_6p21.1i::chr6:45172562-45182379(+)	1
L1FLnI_17q24.3c::chr17:69735054-69743883(-)	1
L1FLnI_9q31.2q::chr9:108368243-108379037(-)	1
L1FLnI_12q21.32q::chr12:87357283-87366351(-)	1
L1FLnI_3p11.2e::chr3:87647392-87657826(-)	1
L1FLnI_2q14.3l::chr2:123798097-123808206(-)	2
L1FLnI_1q21.1g::chr1:146795114-146805003(+)	3
L1FLnI_5q23.2p::chr5:123674077-123684205(-)	1
L1FLnI_1p31.1fa::chr1:74920051-74930603(+)	1
L1FLnI_3q12.2h::chr3:101055417-101065666(-)	1
L1FLnI_3p24.3la::chr3:21719589-21728779(+)	1
L1FLnI_12q21.31w::chr12:83295956-83306361(+)	1
L1FLnI_Xp11.21bc::chrX:57420709-57429553(+)	1
L1FLnI_9p22.3q::chr9:16219584-16229970(+)	1
L1FLnI_12q12aa::chr12:41665805-41675830(-)	2
L1FLnI_Xq11.2ra::chrX:65236767-65245812(-)	1
L1FLnI_15q25.3t::chr15:87256285-87266206(-)	2
L1FLnI_12q21.1q::chr12:73310750-73320259(-)	1
L1FLnI_13q21.1z::chr13:58784913-58794812(-)	1
L1FLnI_5q35.3k::chr5:181371108-181381529(-)	8
L1FLnI_Xq21.1gf::chrX:85009865-85019056(-)	1
L1FLnI_20p12.2b::chr20:9457788-9467955(+)	1
L1FLnI_Xq21.1ye::chrX:84390327-84401274(-)	1
L1FLnI_6q16.1ja::chr6:97414431-97426254(-)	1
L1FLnI_5p15.31h::chr5:8155563-8165069(+)	1
L1FLnI_12q23.3l::chr12:105772565-105782585(+)	1
L1FLnI_1q41u::chr1:219842796-219853069(+)	2
L1FLnI_Xq21.31ba::chrX:89273079-89283966(+)	1
L1FLnI_Xq21.1jb::chrX:79459177-79468161(+)	1
L1FLnI_8p21.2n::chr8:26934442-26944587(-)	1
L1FLnI_Xq21.1lb::chrX:79490352-79499168(+)	1
L1FLnI_10q26.11d::chr10:118654323-118663071(-)	2
L1FLnI_6p21.1h::chr6:45058948-45068976(+)	2
L1FLnI_Xq21.1ta::chrX:78615243-78624164(-)	1
L1FLnI_9q21.12e::chr9:69502552-69512570(+)	2
L1FLnI_7q11.21k::chr7:63533783-63543807(-)	1
L1FLnI_Xq27.3aa::chrX:147141536-147151661(-)	1
L1FLnI_7p14.3i::chr7:31607594-31616927(-)	1
L1FLnI_21q22.13b::chr21:37105577-37115684(+)	1
L1FLnI_20q11.21c::chr20:30943611-30953640(-)	1
L1FLnI_5q13.2e::chr5:72724139-72734234(+)	1
L1FLnI_21q21.1u::chr21:17682949-17693460(-)	1
L1FLnI_Xq24e::chrX:117577767-117586337(-)	1
L1FLnI_12q14.1z::chr12:60808081-60816610(-)	1
L1FLnI_2q24.3s::chr2:167840736-167850105(+)	1
L1FLnI_11p15.4o::chr11:5369846-5379972(+)	1
L1FLnI_8p12fa::chr8:35527546-35537571(-)	2
L1FLnI_Xq21.1sc::chrX:81332486-81342202(-)	2
L1FLnI_18q21.1e::chr18:47633820-47643985(+)	1
L1FLnI_1p31.1ca::chr1:74873621-74883655(+)	1
L1FLnI_Xq13.2y::chrX:73644776-73653861(+)	1
L1FLnI_1q23.1g::chr1:157807667-157819067(+)	1
L1FLnI_5p15.31m::chr5:8727357-8737475(+)	1
L1FLnI_4p15.1s::chr4:34274726-34285862(-)	1
L1FLnI_Xq22.1ca::chrX:100300548-100310039(+)	1
L1FLnI_3p21.1c::chr3:53440243-53450402(-)	1
L1FLnI_14q32.33e::chr14:106569567-106580068(-)	1
L1FLnI_Yq11.21da::chrY:12371018-12381075(-)	1
L1FLnI_2q23.3ca::chr2:153748395-153758798(-)	1
L1FLnI_3q13.31k::chr3:116202899-116212926(-)	1
L1FLnI_5p15.1p::chr5:17457532-17466701(-)	1
L1FLnI_9p24.3h::chr9:1568528-1578545(-)	1
L1FLnI_7p21.3i::chr7:9162887-9173354(-)	1
L1FLnI_10p12.33c::chr10:18030152-18040175(-)	1
L1FLnI_8q24.12j::chr8:119459388-119469791(+)	1
L1FLnI_7q11.1a::chr7:60956979-60967132(+)	1
L1FLnI_4q12lb::chr4:57700556-57710654(-)	1
L1FLnI_13q33.1f::chr13:102538548-102547717(+)	1
L1FLnI_6p22.3a::chr6:15637732-15647821(+)	1
L1FLnI_Xq26.3s::chrX:137956185-137966315(+)	1
L1FLnI_19q12m::chr19:29352751-29361398(+)	1
L1FLnI_10q23.1i::chr10:81086647-81097255(-)	1
L1FLnI_8p12h::chr8:31934606-31944059(+)	1
L1FLnI_3q13.32f::chr3:118603980-118612652(+)	1
L1FLnI_4p13i::chr4:42763750-42772516(+)	1
L1FLnI_Xq22.1ia::chrX:101587165-101595686(-)	1
L1FLnI_Xq13.3cb::chrX:76467429-76477869(+)	2
L1FLnI_2q34o::chr2:209125030-209135082(+)	1
L1FLnI_14q21.2aa::chr14:46371100-46381034(-)	1
L1FLnI_12q24.22b::chr12:116753858-116764363(-)	1
L1FLnI_14q24.2d::chr14:71842441-71852496(-)	1
L1FLnI_2q24.1fa::chr2:157606169-157616812(-)	1
L1FLnI_21q21.1g::chr21:16875889-16885446(+)	1
L1FLnI_11q23.2c::chr11:113351950-113362559(-)	1
L1FLnI_5q12.3c::chr5:64037946-64046742(+)	1
L1FLnI_Xq11.2w::chrX:64698758-64708263(-)	2
L1FLnI_Xq23o::chrX:110816254-110826273(-)	1
L1FLnI_1p12e::chr1:117742594-117751360(-)	1
L1FLnI_5q11.2y::chr5:53735607-53745156(+)	1
L1FLnI_12q12ba::chr12:41668953-41678969(+)	2
L1FLnI_3p21.2i::chr3:51250370-51259691(-)	1
L1FLnI_20q11.1b::chr20:28733156-28743004(+)	1
L1FLnI_5q13.3n::chr5:75808662-75818900(-)	1
L1FLnI_9p23m::chr9:11905956-11915959(-)	1
L1FLnI_2q24.3v::chr2:168610919-168620461(+)	1
L1FLnI_Xp11.21va::chrX:56463582-56473236(-)	1
L1FLnI_3p11.1aa::chr3:90187174-90197262(-)	1
L1FLnI_8q22.2n::chr8:99410067-99420381(-)	1
L1FLnI_3p22.3w::chr3:35476880-35486760(-)	1
L1FLnI_4q28.3p::chr4:132454298-132464388(+)	1
L1FLnI_5p15.2r::chr5:13966662-13976365(-)	1
L1FLnI_14q23.1l::chr14:59405951-59416109(+)	1
L1FLnI_5q11.2d::chr5:51948244-51958334(+)	1
L1FLnI_6q21z::chr6:112809522-112819547(+)	3
L1FLnI_11q22.3o::chr11:106333953-106343155(-)	1
L1FLnI_18q12.1f::chr18:28236944-28246953(+)	1
L1FLnI_4q25da::chr4:111333444-111343443(+)	1
L1FLnI_3q22.1w::chr3:133170207-133180329(+)	1
L1FLnI_4q24u::chr4:103381594-103392022(+)	1
L1FLnI_Xq13.1ea::chrX:71826172-71836606(+)	1
L1ORF2_3q27.3a::chr3:187411121-187419167(+)	6
L1FLnI_Xq21.1sd::chrX:82567917-82577374(-)	2
L1FLnI_7q21.11na::chr7:85329188-85339239(-)	1
L1FLnI_Xp11.21e::chrX:54884795-54894020(+)	1
L1FLnI_1q25.2d::chr1:176307896-176317888(-)	1
L1FLnI_13q14.3w::chr13:54403911-54414476(+)	1
L1FLnI_3p14.1h::chr3:66312473-66322127(-)	2
L1FLnI_11p11.2h::chr11:48185262-48195394(-)	1
L1FLnI_5q34fa::chr5:165384812-165395209(+)	1
L1FLnI_7q35c::chr7:145076521-145085063(-)	1
L1FLnI_3q13.2b::chr3:111752130-111762249(-)	1
L1FLnI_4q23q::chr4:99695681-99705699(+)	1
L1FLnI_18p11.21r::chr18:14159173-14168581(+)	1
L1FLnI_Xq13.1m::chrX:69749520-69759680(-)	1
L1FLnI_21p11.2f::chr21:8766964-8777097(-)	1
L1FLnI_9p21.3e::chr9:20795336-20804675(-)	1
L1FLnI_11p14.1g::chr11:27935574-27945709(+)	1
L1FLnI_4p16.2f::chr4:5302118-5311714(-)	1
L1FLnI_3p12.2b::chr3:80145844-80155016(-)	1
L1FLnI_3q13.13e::chr3:109499747-109508758(-)	1
L1FLnI_4q35.1d::chr4:184173447-184183532(+)	1
L1FLnI_4q28.1k::chr4:124070050-124079221(+)	1
L1FLnI_21q11.2b::chr21:13128279-13138430(+)	2
L1FLnI_5q14.2a::chr5:82123802-82134308(-)	1
L1FLnI_Xq21.33z::chrX:96211142-96221167(+)	1
L1FLnI_2p16.3k::chr2:49308682-49318082(+)	1
L1FLnI_Xq22.1ba::chrX:100251987-100262115(+)	1
L1FLnI_6q12oa::chr6:68280374-68290588(+)	1
L1FLnI_11q25i::chr11:132475522-132485563(+)	1
L1FLnI_21q22.13c::chr21:37105577-37115674(+)	1
L1FLnI_7p14.1r::chr7:42435040-42444187(-)	1
L1FLnI_2q22.1n::chr2:137989520-137998655(+)	1
L1FLnI_18q12.1u::chr18:33233112-33244042(+)	1
L1FLnI_1p13.2h::chr1:112208169-112218305(+)	1
L1FLnI_5q13.3m::chr5:75808648-75818900(-)	1
L1FLnI_3q26.32b::chr3:176155577-176165990(+)	1
L1FLnI_8q22.2m::chr8:99410036-99420381(-)	1
L1FLnI_Xq21.1sa::chrX:78612705-78624164(-)	1
L1FLnI_Xq11.1m::chrX:63327226-63336517(+)	1
L1FLnI_11q22.1o::chr11:99577346-99587473(-)	1
L1FLnI_4q32.1b::chr4:154771263-154779971(-)	1
L1FLnI_11q24.3n::chr11:129553590-129563850(+)	1
L1FLnI_7p11.2g::chr7:54923016-54933526(+)	1
L1FLnI_8p22j::chr8:16870791-16881069(-)	1
L1FLnI_3q26.2k::chr3:170924440-170933770(-)	1
L1FLnI_11p14.3l::chr11:22967720-22978193(-)	1
L1FLnI_8q23.3j::chr8:112709891-112718592(+)	1
L1FLnI_9p21.3ka::chr9:25098507-25108686(+)	1
L1FLnI_4q31.21v::chr4:142987377-142997532(+)	1
L1FLnI_3q28o::chr3:191830676-191841163(+)	1
L1FLnI_7p11.2p::chr7:57033032-57043052(+)	1
L1FLnI_6q22.1da::chr6:116635197-116645334(+)	1
L1FLnI_5q33.1e::chr5:151977686-151986456(-)	1
L1FLnI_2p14b::chr2:64887527-64897591(+)	1
L1FLnI_14q31.1j::chr14:81110666-81120690(+)	1
L1FLnI_11q25o::chr11:133878621-133889206(-)	1
L1FLnI_2p22.1b::chr2:39574493-39584652(-)	1
L1FLnI_1p31.1e::chr1:69904765-69914848(-)	1
L1FLnI_7q31.2h::chr7:116071944-116081806(+)	1
L1FLnI_Xq21.33g::chrX:94852106-94860751(+)	1
L1FLnI_3p26.1e::chr3:4249749-4259788(+)	1
L1FLnI_10q26.13f::chr10:124187454-124197463(-)	1
L1FLnI_3p11.2d::chr3:87647379-87657826(-)	1
L1FLnI_9q21.13g::chr9:73063270-73073230(+)	1
L1FLnI_12p13.31m::chr12:9521053-9531073(-)	1
L1FLnI_Xq27.3j::chrX:144867376-144877210(-)	1
L1FLnI_6q12na::chr6:68280374-68290557(+)	1
L1FLnI_4q28.1j::chr4:124069005-124079221(+)	1
L1FLnI_3p24.3ya::chr3:22823577-22832906(+)	1
L1FLnI_Xq11.2o::chrX:64457092-64469178(-)	1
L1FLnI_2q32.3u::chr2:194201488-194210498(-)	1
L1FLnI_Xq13.3jb::chrX:76585055-76595393(-)	1
L1FLnI_1p21.3d::chr1:95157992-95168127(-)	1
L1FLnI_15q22.2g::chr15:61358673-61367799(-)	1
L1FLnI_10q23.33j::chr10:94794514-94804650(-)	1
L1FLnI_2q11.1d::chr2:95774977-95785119(+)	2
L1FLnI_4q31.22p::chr4:147270071-147279105(-)	1
L1FLnI_6q14.3n::chr6:85303546-85313701(+)	1
L1FLnI_Xq13.1h::chrX:69444872-69454920(+)	1
L1FLnI_5q11.2j::chr5:52965294-52974167(-)	1
L1FLnI_6p24.3d::chr6:8596841-8605564(-)	1
L1FLnI_8q21.11k::chr8:72401303-72411849(+)	1
L1FLnI_10q25.2g::chr10:112100426-112110461(+)	1
L1FLnI_2q23.3p::chr2:153086247-153095157(-)	1
L1FLnI_Xq11.2q::chrX:64477855-64488017(-)	1
L1FLnI_14q22.1c::chr14:52154274-52164337(+)	1
L1FLnI_18q21.2l::chr18:53800683-53810824(+)	1
L1FLnI_3p26.3d::chr3:812702-823118(+)	2
L1FLnI_Yp11.2aa::chrY:3047651-3057381(+)	1
L1FLnI_Xp11.21yb::chrX:57342114-57351590(-)	1
L1FLnI_4p12m::chr4:46630384-46639500(-)	1
L1FLnI_Xp11.21ha::chrX:56156909-56166417(-)	1
L1FLnI_5p13.3x::chr5:33132989-33141896(-)	1
L1FLnI_6q24.2k::chr6:144669096-144678054(-)	1
L1FLnI_18q12.1l::chr18:30021350-30030957(-)	1
L1FLnI_3q13.12f::chr3:107466560-107477006(+)	1
L1FLnI_Xp11.21sb::chrX:57261327-57271016(+)	1
L1FLnI_12q12fa::chr12:42042974-42053136(-)	1
L1FLnI_5q35.3c::chr5:178023307-178033448(-)	2
L1FLnI_7q31.32p::chr7:124093607-124103710(-)	1
L1FLnI_5q23.1x::chr5:120426737-120435914(-)	1
L1FLnI_Xq13.3xa::chrX:76373045-76382080(-)	1
L1FLnI_4q22.1m::chr4:89057380-89067210(-)	1
L1FLnI_4q24ab::chr4:106100221-106110336(+)	1
L1FLnI_9q31.2m::chr9:106899754-106909915(-)	1
L1FLnI_8q21.3y::chr8:89674785-89685015(+)	2
L1FLnI_11p11.2y::chr11:48744875-48754215(-)	2
L1FLnI_Xq12ua::chrX:67453911-67463074(+)	1
L1FLnI_Xp11.21n::chrX:55431190-55440063(+)	1
L1FLnI_Xq27.3r::chrX:145621057-145630286(+)	1
L1FLnI_16q21h::chr16:59558764-59567300(-)	1
L1FLnI_5q22.1c::chr5:110278165-110288296(-)	1
L1FLnI_4q21.21t::chr4:80881259-80890979(+)	9
L1FLnI_6q16.3ha::chr6:104377391-104387705(+)	2
L1FLnI_Xq21.1gd::chrX:82055898-82066738(+)	1
L1FLnI_Xq12ha::chrX:67059518-67069634(-)	2
L1FLnI_18q12.1r::chr18:32227576-32237434(-)	2
L1FLnI_2p22.3s::chr2:35888577-35900131(-)	1
L1FLnI_22p11.2o::chr22:12797831-12807971(+)	4
L1FLnI_9p22.1k::chr9:19856019-19867125(+)	1
L1FLnI_Yp11.2fa::chrY:3825814-3836415(+)	1
L1FLnI_Xq22.1za::chrX:102446996-102457131(+)	2
L1FLnI_6q22.1aa::chr6:116497370-116507521(+)	1
L1FLnI_5q21.1v::chr5:101709769-101719905(-)	1
L1FLnI_11q22.3ma::chr11:109692144-109703138(+)	1
L1FLnI_2q23.3y::chr2:153666059-153677780(+)	1
L1FLnI_11p15.4h::chr11:4348964-4357840(-)	2
L1FLnI_11q23.1e::chr11:112678072-112688069(-)	1
L1FLnI_1p31.1q::chr1:72826947-72836925(+)	1
L1FLnI_Xp11.21sa::chrX:56430699-56440188(-)	2
L1FLnI_1p31.1nc::chr1:83586966-83598332(-)	1
L1FLnI_7q21.11ra::chr7:85872283-85881081(+)	1
L1FLnI_Xq22.3r::chrX:106135382-106144726(+)	1
L1FLnI_12q21.32k::chr12:87145103-87155700(-)	1
L1FLnI_Xq27.3e::chrX:143522760-143534201(-)	1
L1FLnI_20p11.23e::chr20:18860717-18870849(-)	1
L1FLnI_1q32.3j::chr1:213706046-213716468(-)	1
L1FLnI_10q21.2h::chr10:60689461-60699397(+)	1
L1FLnI_13q32.1l::chr13:96769371-96779815(+)	1
L1FLnI_22p11.2l::chr22:12185481-12194636(-)	2
L1FLnI_12p11.1c::chr12:33328434-33338377(+)	1
L1FLnI_6q21n::chr6:110255504-110265632(+)	1
L1FLnI_1p31.1fc::chr1:82528617-82538194(-)	2
L1FLnI_Xq12r::chrX:66549990-66560286(+)	1
L1FLnI_20q11.21d::chr20:30943613-30953640(-)	1
L1FLnI_Yq11.223pa::chrY:22992525-23002646(-)	1
L1FLnI_6q16.1y::chr6:96285243-96294615(+)	1
L1FLnI_4q13.1ba::chr4:61008162-61018288(+)	1
L1FLnI_2q32.1ca::chr2:185861098-185871116(+)	1
L1FLnI_6q22.31na::chr6:124342349-124352113(-)	1
L1FLnI_13q31.3e::chr13:90660483-90670495(+)	1
L1FLnI_5q21.1d::chr5:99250397-99261035(-)	1
L1FLnI_3q11.2n::chr3:95220688-95230264(-)	1
L1FLnI_1p21.3s::chr1:96432940-96443091(-)	1
L1FLnI_6q12b::chr6:62934172-62942958(-)	1
L1FLnI_11q21ha::chr11:97277141-97285642(+)	1
L1FLnI_14q12y::chr14:27669560-27679615(+)	1
L1FLnI_11q12.1h::chr11:56701169-56709898(+)	1
L1FLnI_2q21.3a::chr2:134650039-134660074(-)	7
L1FLnI_2q33.1z::chr2:201589485-201598682(-)	1
L1FLnI_Yp11.2ma::chrY:4058870-4069275(-)	1
L1FLnI_3p22.1q::chr3:41274330-41284306(+)	1
L1FLnI_4q24w::chr4:103480938-103491387(+)	1
L1FLnI_8q24.23j::chr8:138112666-138122691(+)	1
L1FLnI_6q14.1hb::chr6:80931649-80941236(-)	1
L1FLnI_4q12mb::chr4:57705854-57714625(+)	1
L1FLnI_Xq21.1oa::chrX:78503464-78512379(+)	2
L1FLnI_7q22.1e::chr7:102777178-102787341(+)	1
L1FLnI_15q11.2f::chr15:22062434-22071102(-)	1
L1FLnI_11q12.1s::chr11:58812479-58822589(+)	1
L1FLnI_5q35.1k::chr5:171097155-171107523(-)	1
L1FLnI_2q24.1k::chr2:155588684-155597193(+)	1
L1FLnI_16p11.1i::chr16:36091410-36101558(-)	1
L1FLnI_5p15.31i::chr5:8155563-8165089(+)	1
L1FLnI_9q21.31m::chr9:80512939-80522156(-)	1
L1FLnI_6q15r::chr6:92483442-92492841(-)	1
L1FLnI_3p25.3h::chr3:10654010-10663746(+)	1
L1FLnI_8q12.1x::chr8:58366658-58376673(+)	1
L1FLnI_11q22.1f::chr11:98324398-98334421(-)	1
L1FLnI_2q14.1m::chr2:115978177-115988872(-)	1
L1FLnI_8q22.3k::chr8:102313441-102323591(+)	1
L1FLnI_2p23.1m::chr2:31791838-31801926(+)	1
L1FLnI_1p31.1vb::chr1:80148898-80157931(-)	1
L1FLnI_4q24aa::chr4:103825956-103835475(-)	1
L1FLnI_5q14.1w::chr5:81025184-81034648(+)	6
L1FLnI_Xq25yb::chrX:128543571-128552664(-)	1
L1FLnI_Xq22.3db::chrX:109287564-109296814(-)	1
L1FLnI_4q32.1c::chr4:154771275-154779971(-)	1
L1FLnI_7p14.1b::chr7:37116664-37126800(+)	1
L1FLnI_4q22.2b::chr4:92938064-92948194(-)	1
L1FLnI_1p32.3b::chr1:50357155-50366107(+)	1
L1FLnI_1p32.3f::chr1:51383141-51391997(+)	1
L1FLnI_5p13.2e::chr5:34428261-34438420(-)	1
L1FLnI_5q15sa::chr5:98117533-98128057(+)	1
L1FLnI_2q14.3ua::chr2:129044662-129054318(-)	1
L1FLnI_4q12sa::chr4:54758764-54767332(-)	1
L1FLnI_2q23.3x::chr2:153666059-153678653(+)	1
L1FLnI_8q11.22c::chr8:51542894-51551575(+)	1
L1FLnI_14q32.33f::chr14:106571485-106580068(-)	1
L1FLnI_4q13.1t::chr4:60149971-60159914(-)	2
L1FLnI_1q25.1o::chr1:175988757-175998971(+)	1
L1FLnI_Xq24aa::chrX:121796672-121805342(-)	2
L1FLnI_11p13t::chr11:34764486-34774197(-)	1
L1FLnI_2p12ma::chr2:81027145-81038208(-)	2
L1FLnI_Xq21.31q::chrX:88190920-88199842(+)	1
L1FLnI_4p15.33f::chr4:11883645-11892481(+)	1
L1FLnI_21q21.1k::chr21:16941722-16950655(+)	2
L1FLnI_6q22.31ra::chr6:124801003-124811143(+)	1
L1FLnI_Xp11.21wb::chrX:57322311-57331850(-)	1
L1FLnI_Xp11.21ab::chrX:56629079-56639220(-)	1
L1FLnI_19q12k::chr19:29340072-29348587(+)	1
L1FLnI_12q23.1o::chr12:98198183-98208657(+)	1
L1FLnI_14q12g::chr14:25315690-25326779(-)	1
L1FLnI_Xq23gb::chrX:116155702-116165840(+)	1
L1FLnI_Yq11.222g::chrY:17675310-17685421(-)	1
L1FLnI_1p13.3c::chr1:107728741-107738876(+)	1
L1FLnI_3p21.33d::chr3:43933943-43943520(-)	1
L1FLnI_Xq25j::chrX:122615376-122624960(-)	1
L1FLnI_8q24.21j::chr8:128710852-128720888(+)	1
L1FLnI_18p11.22c::chr18:8883554-8893120(-)	1
L1FLnI_5q34n::chr5:162185489-162194525(-)	1
L1FLnI_2p22.3r::chr2:35754012-35763400(-)	1
L1FLnI_2q32.1a::chr2:182208905-182218934(+)	1
L1FLnI_6p22.1k::chr6:30080100-30090125(-)	1
L1FLnI_9q22.2b::chr9:90329422-90338694(+)	1
L1FLnI_Xp11.21qc::chrX:57747872-57756477(+)	1
L1FLnI_1p31.1sb::chr1:79937910-79947919(-)	1
L1FLnI_1p12w::chr1:119400862-119409685(+)	1
L1FLnI_4q35.2j::chr4:189245124-189254063(+)	1
L1FLnI_7q31.1w::chr7:110468720-110478864(+)	1
L1FLnI_11p15.4f::chr11:4260129-4269009(+)	2
L1FLnI_13q12.12g::chr13:24547924-24557518(-)	1
L1FLnI_3p24.3za::chr3:22823577-22832900(+)	1
L1FLnI_5p13.2ea::chr5:37679493-37689552(-)	3
L1FLnI_7q31.1e::chr7:108924533-108934176(-)	1
L1FLnI_1p31.1oa::chr1:75674251-75684270(+)	1
L1FLnI_4p15.31i::chr4:18488258-18497064(+)	1
L1FLnI_12q21.33h::chr12:90569966-90580124(-)	1
L1FLnI_9p12c::chr9:39783193-39791701(-)	2
L1FLnI_5q11.1p::chr5:51330283-51339496(-)	1
L1FLnI_4q22.3m::chr4:96226426-96236485(+)	1
L1FLnI_13q21.2l::chr13:60863567-60874252(-)	1
L1FLnI_2q14.2c::chr2:118406664-118416220(+)	1
L1FLnI_7q31.31p::chr7:120234333-120244475(-)	1
L1FLnI_Xp22.13a::chrX:17568169-17578334(-)	1
L1FLnI_17q22w::chr17:55935200-55945604(+)	1
L1FLnI_5p13.1v::chr5:41491453-41500472(+)	1
L1FLnI_5q15ta::chr5:98131977-98141474(+)	1
L1FLnI_9p22.2e::chr9:17284504-17294534(-)	4
L1FLnI_18p11.31o::chr18:6160198-6170333(+)	1
L1FLnI_21q11.2a::chr21:13128279-13138420(+)	2
L1FLnI_Xq13.3ta::chrX:76254871-76265136(-)	1
L1FLnI_6p25.2a::chr6:2583005-2593610(-)	1
L1FLnI_1p36.32a::chr1:4030826-4040471(+)	1
L1FLnI_18q12.1a::chr18:27500566-27509925(+)	2
L1FLnI_1q23.1e::chr1:157339805-157348844(-)	1
L1FLnI_14q12x::chr14:27669560-27679595(+)	1
L1FLnI_5p15.31r::chr5:9632821-9643146(-)	1
L1FLnI_18p11.21c::chr18:11345675-11355361(+)	1
L1FLnI_11p12r::chr11:39391442-39400483(-)	1
L1FLnI_Xq25wb::chrX:128515925-128524781(+)	1
L1FLnI_7p15.3h::chr7:23317559-23327563(+)	1
L1FLnI_18p11.32i::chr18:1204233-1214083(-)	1
L1FLnI_3p21.31c::chr3:46144848-46153480(+)	1
L1FLnI_2p11.2j::chr2:84258880-84269022(+)	1
L1FLnI_8q13.3c::chr8:69903756-69914212(+)	1
L1FLnI_10q26.2e::chr10:126672972-126682971(+)	1
L1FLnI_2q34w::chr2:209751473-209760893(+)	2
L1FLnI_7q31.32o::chr7:124093594-124103710(-)	1
L1FLnI_2q22.1r::chr2:138789537-138798987(-)	1
L1FLnI_7q21.3q::chr7:96756022-96765585(-)	1
L1FLnI_2q22.1s::chr2:138792155-138802586(+)	1
L1FLnI_8p21.2e::chr8:24448186-24458309(-)	1
L1FLnI_2p16.1m::chr2:56417566-56427725(+)	1
L1FLnI_11p15.1i::chr11:18994600-19004257(-)	1
L1FLnI_7q22.1i::chr7:103183256-103193805(+)	1
L1FLnI_1q41pa::chr1:223366043-223376187(-)	1
L1FLnI_19p12b::chr19:20478943-20489075(+)	1
L1FLnI_16q12.1r::chr16:51513138-51523409(+)	1
L1FLnI_Xp11.21ub::chrX:57291987-57302117(+)	1
L1FLnI_3p24.3na::chr3:21966054-21976203(+)	1
L1FLnI_13q31.1y::chr13:81744715-81753691(+)	1
L1FLnI_16q11.2c::chr16:46531848-46542008(+)	1
L1FLnI_1q24.2k::chr1:170045038-170054037(+)	1
L1FLnI_2q13d::chr2:110103769-110113371(+)	1
L1FLnI_Xq21.33db::chrX:98693016-98703077(-)	1
L1FLnI_13q14.13c::chr13:45641531-45651567(+)	2
L1FLnI_3q25.31h::chr3:156063511-156072699(-)	1
L1FLnI_Xq13.3l::chrX:75182503-75192543(-)	1
L1FLnI_3p14.3b::chr3:54464632-54475052(+)	1
L1FLnI_Xq22.2h::chrX:104078125-104090120(-)	1
L1FLnI_16p11.2u::chr16:35156656-35166672(+)	1
L1FLnI_Xq21.1g::chrX:77070752-77081106(-)	1
L1FLnI_8q21.2b::chr8:83616804-83626955(-)	1
L1FLnI_Xq28t::chrX:150116933-150125721(+)	1
L1FLnI_Xq25pb::chrX:128195437-128205598(+)	1
L1FLnI_4q32.3aa::chr4:167343017-167353061(-)	1
L1FLnI_13q31.3d::chr13:90660483-90670505(+)	1
L1FLnI_5p15.32h::chr5:5944169-5953333(-)	1
L1FLnI_7p21.1l::chr7:19033735-19043886(-)	1
L1FLnI_2p24.2i::chr2:18138596-18148785(-)	1
L1FLnI_1q31.1aa::chr1:190252300-190261847(-)	1
L1FLnI_3q12.3h::chr3:102201312-102210598(-)	1
L1FLnI_6q23.2g::chr6:132348986-132358908(-)	1
L1FLnI_7q11.21n::chr7:64006756-64016044(-)	1
L1FLnI_14q21.3d::chr14:47811130-47821888(-)	1
L1FLnI_10q11.21c::chr10:42139492-42149644(-)	1
L1FLnI_14q24.3c::chr14:76740788-76750083(+)	1
L1FLnI_2q24.2m::chr2:160793833-160803966(+)	1
L1FLnI_2q11.1e::chr2:95866030-95876190(+)	1
L1FLnI_3q26.33l::chr3:182149915-182160670(-)	1
L1FLnI_5p13.3j::chr5:30016768-30026865(+)	1
L1FLnI_6q16.1fa::chr6:96634256-96644005(+)	1
L1FLnI_Yq11.223p::chrY:21104503-21114611(+)	1
L1FLnI_Xq11.2qa::chrX:65235796-65245812(-)	1
L1FLnI_2q13g::chr2:110411896-110422032(-)	2
L1FLnI_6p12.2b::chr6:51848419-51857614(-)	1
L1FLnI_5q12.1aa::chr5:62890356-62900795(-)	1
L1FLnI_1p36.21a::chr1:14354901-14365340(-)	1
L1FLnI_2q14.3x::chr2:124448032-124457665(+)	1
L1FLnI_15q23h::chr15:70984147-70994281(-)	1
L1FLnI_5q12.3h::chr5:64464421-64474415(-)	1
L1FLnI_17q22c::chr17:53178898-53187869(-)	1
L1FLnI_19q12b::chr19:28174083-28184123(+)	1
L1FLnI_9q33.3b::chr9:125006549-125016689(+)	1
L1FLnI_3p24.3p::chr3:19495494-19504423(+)	1
L1FLnI_5p13.3w::chr5:33132989-33141895(-)	1
L1FLnI_9q22.33a::chr9:96789167-96798684(-)	1
L1FLnI_2q21.1f::chr2:131370402-131379944(+)	1
L1FLnI_Xq21.33ta::chrX:98050629-98062405(-)	1
L1FLnI_11q22.3y::chr11:107460044-107470420(-)	1
L1FLnI_1p31.1n::chr1:72712261-72721163(-)	1
L1FLnI_5p13.2f::chr5:34428268-34438420(-)	1
L1FLnI_5p12aa::chr5:45237354-45247503(-)	1
L1FLnI_Xq22.1a::chrX:99142713-99152362(+)	1
L1FLnI_13q13.2h::chr13:34741551-34751599(-)	1
L1FLnI_14q24.2g::chr14:71852727-71862229(+)	1
L1FLnI_5q14.2g::chr5:82866381-82876288(-)	1
L1FLnI_1q41n::chr1:218627313-218637734(-)	1
L1FLnI_10q23.31u::chr10:90226040-90235125(+)	1
L1FLnI_6q13ba::chr6:71797106-71807718(-)	1
L1FLnI_6p25.1j::chr6:6107125-6115908(-)	1
L1FLnI_1q41qa::chr1:223366060-223376187(-)	1
L1FLnI_5p13.3s::chr5:32791207-32800084(+)	1
L1FLnI_8q23.3p::chr8:113979063-113987809(+)	1
L1FLnI_4q13.1i::chr4:59653399-59662535(+)	1
L1FLnI_6p22.3b::chr6:15637732-15646758(+)	1
L1FLnI_11q22.1e::chr11:98324382-98334421(-)	1
L1FLnI_2p24.3g::chr2:13657541-13666791(-)	1
L1FLnI_10q21.1s::chr10:54006007-54016433(+)	1
L1FLnI_Xp11.21zb::chrX:57346071-57355088(+)	1
L1FLnI_2q14.1d::chr2:114012475-114022626(-)	1
L1FLnI_15q21.1o::chr15:46905835-46914423(+)	1
L1FLnI_11p15.3a::chr11:11710796-11720931(-)	1
L1FLnI_21p11.2e::chr21:8766951-8777097(-)	1
L1FLnI_Xq28oa::chrX:155315766-155326249(+)	1
L1FLnI_Xq26.2r::chrX:133107881-133117032(+)	1
L1FLnI_10q11.21h::chr10:42525729-42535721(-)	1
L1FLnI_13q31.1ma::chr13:85119705-85129721(+)	2
L1FLnI_2q32.1l::chr2:183838046-183848477(+)	1
L1FLnI_1p13.3b::chr1:107728741-107738866(+)	1
L1FLnI_4q35.2b::chr4:186377628-186387726(+)	1
L1FLnI_16p11.2l::chr16:31908933-31917639(-)	1
L1FLnI_Xq25aa::chrX:125616724-125626000(-)	2
L1FLnI_7q31.31c::chr7:119107564-119119092(-)	1
L1FLnI_Xq21.2x::chrX:86288921-86298925(-)	1
L1FLnI_14q22.2b::chr14:54027191-54037329(-)	1
L1FLnI_7p15.3n::chr7:24995772-25005913(-)	1
L1FLnI_2p24.1p::chr2:21902812-21912844(-)	1
L1FLnI_4p15.32c::chr4:15275167-15285165(+)	1
L1FLnI_3q11.2j::chr3:95031456-95042247(-)	1
L1FLnI_Xq28b::chrX:148175650-148186010(-)	1
L1FLnI_Xp11.21vb::chrX:57291987-57302107(+)	1
L1FLnI_11p14.3f::chr11:22522679-22532712(-)	1
L1FLnI_12q21.32x::chr12:88389460-88399316(+)	1
L1FLnI_18p11.32e::chr18:1035488-1045630(+)	2
L1FLnI_1p21.1b::chr1:102054493-102065099(+)	1
L1FLnI_13q21.2d::chr13:59557051-59567400(-)	1
L1FLnI_3q13.13t::chr3:110631489-110641551(-)	1
L1FLnI_2p21f::chr2:45072245-45082276(+)	1
L1FLnI_1p31.1ea::chr1:74915192-74924524(-)	1
L1FLnI_10q25.1w::chr10:108989768-108998871(+)	1
L1FLnI_1p31.1ua::chr1:76164560-76173729(-)	1
L1FLnI_11q13.4f::chr11:74876964-74887032(-)	4
L1FLnI_Xp11.3f::chrX:42916971-42928681(+)	1
L1FLnI_5q14.3pb::chr5:92829207-92839258(-)	1
L1FLnI_14q21.3z::chr14:49353095-49363241(+)	1
L1FLnI_1q41e::chr1:215426654-215437110(-)	1
L1FLnI_8p23.2m::chr8:4568624-4578079(-)	1
L1FLnI_3p14.2b::chr3:58758040-58768168(-)	1
L1FLnI_2q14.3k::chr2:123732533-123741629(-)	1
L1FLnI_11q24.2g::chr11:125810176-125820792(-)	1
L1FLnI_2p24.1t::chr2:22152943-22162954(+)	1
L1FLnI_18q12.1c::chr18:27506509-27516526(+)	1
L1FLnI_Xq21.33n::chrX:95221497-95231348(+)	1
L1FLnI_4q24ja::chr4:104703062-104713437(+)	1
L1FLnI_20p12.2a::chr20:9457788-9467937(+)	1
L1FLnI_2p14m::chr2:66620898-66629933(-)	1
L1FLnI_1q31.1z::chr1:190252293-190261847(-)	1
L1FLnI_5p12t::chr5:44010306-44020368(+)	1
L1FLnI_1p31.1yb::chr1:80774298-80784068(+)	1
L1FLnI_2p12y::chr2:78652289-78661412(+)	1
L1FLnI_Xp11.21h::chrX:55066561-55077014(-)	1
L1FLnI_4q13.1ca::chr4:61015069-61024658(+)	1
L1FLnI_Xq21.33sa::chrX:98042894-98053312(-)	1
L1FLnI_15q23e::chr15:70967488-70977241(-)	1
L1FLnI_8p23.2p::chr8:5183530-5193646(+)	1
L1FLnI_8q24.21q::chr8:129320873-129330302(+)	1
L1FLnI_2q22.2h::chr2:142724368-142734491(+)	1
L1FLnI_7q21.13w::chr7:90877408-90886547(+)	1
L1FLnI_1q21.2c::chr1:148829927-148840068(-)	3
L1FLnI_3q24w::chr3:146442581-146451785(-)	1
L1FLnI_13q11a::chr13:18178682-18188833(+)	1
L1FLnI_5p13.1u::chr5:41487420-41497588(-)	1
L1FLnI_Xq22.3ga::chrX:107884603-107894764(-)	1
L1FLnI_4q32.1aa::chr4:159709040-159719062(-)	1
L1FLnI_Xq28s::chrX:150116933-150127492(+)	1
L1FLnI_5p13.3r::chr5:32791207-32801737(+)	1
L1FLnI_17q21.33c::chr17:51570912-51581313(+)	1
L1FLnI_4q32.2i::chr4:163572817-163581404(-)	1
L1FLnI_9p23b::chr9:9422429-9432557(+)	1
L1FLnI_Xq28sa::chrX:155480858-155490078(-)	1
L1FLnI_10p12.2e::chr10:22740934-22749578(+)	1
L1FLnI_14q23.3k::chr14:66699124-66708289(+)	1
L1FLnI_Yq11.21ea::chrY:12371031-12381075(-)	1
L1FLnI_2q31.2m::chr2:179192445-179202418(+)	1
L1FLnI_1p31.1ub::chr1:80147909-80157931(-)	1
L1FLnI_4q13.1m::chr4:59888484-59898622(+)	1
L1FLnI_5q15ga::chr5:97513426-97523443(-)	1
L1FLnI_2q24.1ea::chr2:157605178-157616812(-)	1
L1FLnI_6q22.31y::chr6:122536670-122546852(-)	1
L1FLnI_9q21.33d::chr9:85251671-85262110(-)	1
L1FLnI_11q14.1t::chr11:83512024-83522164(-)	1
L1FLnI_3q13.33q::chr3:121163988-121173833(+)	1
L1FLnI_3q25.2s::chr3:154941661-154951813(+)	1
L1FLnI_Xp11.22i::chrX:51364290-51375787(+)	1
L1FLnI_2q34u::chr2:209745669-209755708(-)	1
L1FLnI_3q22.1e::chr3:131115479-131125613(-)	1
L1FLnI_2q14.3m::chr2:123804753-123814474(+)	2
L1FLnI_21q22.2a::chr21:40022375-40032342(-)	1
L1FLnI_22q11.1h::chr22:16231554-16241690(+)	1
L1FLnI_7q21.11ga::chr7:84399452-84409554(+)	1
L1FLnI_8p21.2j::chr8:25765195-25775679(+)	1
L1FLnI_Xq21.33u::chrX:95864320-95874238(+)	1
L1FLnI_2p22.3o::chr2:35569058-35579709(-)	1
L1FLnI_14q31.3x::chr14:87419813-87429803(+)	1
L1FLnI_1p13.3h::chr1:108357821-108367917(-)	1
L1FLnI_8q22.3j::chr8:102313441-102323598(+)	1
L1FLnI_6q22.33d::chr6:127589793-127599795(+)	1
L1FLnI_11q24.2c::chr11:125701768-125711631(+)	1
L1FLnI_1p12p::chr1:118629327-118640283(-)	2
L1FLnI_Xq22.1va::chrX:102274147-102285303(-)	3
L1FLnI_11q23.2d::chr11:113351969-113362559(-)	1
L1FLnI_1q23.1d::chr1:157339792-157348844(-)	1
L1FLnI_Xq23da::chrX:112586624-112596771(+)	1
L1FLnI_9p21.1fa::chr9:32284871-32295579(-)	1
L1FLnI_10p12.31f::chr10:19580718-19590752(-)	1
L1FLnI_1q31.1r::chr1:188766600-188775496(+)	1
L1FLnI_7p21.3m::chr7:9360233-9369952(+)	1
L1FLnI_Xq23k::chrX:110615910-110625180(-)	1
L1FLnI_Xq22.2e::chrX:103949427-103960738(+)	1
L1FLnI_8q22.1la::chr8:97526389-97534984(+)	1
L1FLnI_7p21.1e::chr7:17694888-17704319(+)	1
L1FLnI_1q42.2j::chr1:234049127-234059284(-)	1
L1FLnI_12q12ma::chr12:42719323-42729250(-)	1
L1FLnI_12q21.2i::chr12:77089920-77100093(-)	1
L1FLnI_Yq11.221q::chrY:13241071-13251083(+)	1
L1FLnI_Xq12j::chrX:66343786-66352604(+)	2
L1FLnI_1q21.2e::chr1:149290176-149300316(+)	3
L1FLnI_8q23.3i::chr8:112709444-112718592(+)	1
L1FLnI_6p12.1g::chr6:54323654-54334113(+)	1
L1FLnI_11q22.1ha::chr11:101291668-101301815(-)	1
L1FLnI_3q12.3i::chr3:102201312-102210588(-)	1
L1FLnI_19q13.43b::chr19:55912237-55921740(+)	1
L1FLnI_5q33.3n::chr5:159136048-159146199(+)	1
L1FLnI_Xq27.3a::chrX:143059361-143068592(+)	1
L1FLnI_Xp11.3l::chrX:43208189-43217752(+)	1
L1FLnI_Xq21.31la::chrX:90409287-90420144(-)	4
L1FLnI_9p21.1d::chr9:28635325-28644542(-)	1
L1FLnI_10q21.1da::chr10:56182833-56192785(+)	1
L1FLnI_Xq13.3ba::chrX:75804287-75814437(-)	1
L1FLnI_9p11.2a::chr9:40675209-40685325(-)	5
L1FLnI_12q14.2k::chr12:63630829-63640863(+)	1
L1FLnI_5q23.3u::chr5:130814238-130824263(+)	1
L1FLnI_4q31.21w::chr4:143025185-143034046(+)	1
L1FLnI_1p31.1bc::chr1:82130414-82140390(-)	1
L1FLnI_3q24e::chr3:143695747-143705036(+)	1
L1FLnI_1q24.3m::chr1:172980780-172990806(-)	9
L1FLnI_5q13.2d::chr5:72724139-72734244(+)	1
L1FLnI_4q34.3e::chr4:177843403-177851920(-)	1
L1FLnI_1q44x::chr1:248513621-248522766(-)	1
L1FLnI_5q23.2c::chr5:122246337-122256281(-)	1
L1FLnI_Xq21.1fb::chrX:79205209-79215333(-)	1
L1FLnI_Xq21.31ua::chrX:90896372-90907013(-)	1
L1FLnI_13q12.11i::chr13:21855229-21865409(-)	1
L1FLnI_Xq11.2r::chrX:64477873-64488017(-)	1
L1FLnI_Xq21.1mb::chrX:79490352-79498883(+)	1
L1FLnI_Xq21.1w::chrX:77380537-77389388(+)	4
L1FLnI_Xq24r::chrX:120180334-120190462(+)	1
L1FLnI_14q22.1f::chr14:52372714-52382146(-)	1
L1FLnI_2q32.1ga::chr2:186781430-186791977(+)	2
L1FLnI_5p13.3d::chr5:29186094-29194759(-)	1
L1FLnI_6q22.1x::chr6:116181755-116190817(-)	1
L1FLnI_18q12.1h::chr18:28416045-28426061(-)	2
L1FLnI_5q21.3v::chr5:109285718-109296132(+)	1
L1FLnI_6q14.1sa::chr6:80405340-80415591(-)	1
L1FLnI_13q12.11b::chr13:18980271-18990375(+)	1
L1FLnI_16p11.2v::chr16:35156656-35166679(+)	1
L1FLnI_3q11.2v::chr3:96681335-96690279(-)	1
L1FLnI_8p11.21g::chr8:41125926-41135229(+)	1
L1FLnI_3q13.12i::chr3:107691695-107701721(-)	1
L1FLnI_Yq11.221la::chrY:15104623-15113577(+)	1
L1FLnI_11q22.3ca::chr11:108441120-108451284(+)	1
L1FLnI_12p13.31d::chr12:7521394-7531715(-)	1
L1FLnI_22p11.2f::chr22:11797456-11806616(+)	2
L1FLnI_1p31.3i::chr1:65544288-65554470(-)	1
L1FLnI_7q11.21i::chr7:63335109-63344055(-)	1
L1FLnI_8q24.12d::chr8:119158899-119168910(-)	2
L1FLnI_2q21.1g::chr2:131370402-131379965(+)	1
L1FLnI_2q14.3n::chr2:123805284-123814474(+)	2
L1FLnI_6q16.1ea::chr6:96634256-96643976(+)	1
L1FLnI_Xp11.3t::chrX:44982908-44993048(-)	1
L1FLnI_2q22.2g::chr2:142724368-142734501(+)	1
L1FLnI_15q25.3c::chr15:85430464-85440465(+)	2
L1FLnI_7q31.32m::chr7:123850748-123861141(-)	1
L1FLnI_10q11.23c::chr10:49419122-49429274(-)	1
L1FLnI_4p15.2r::chr4:24343255-24353731(-)	1
L1FLnI_12q14.2c::chr12:63192731-63202849(+)	1
L1FLnI_12q21.32v::chr12:87969261-87978678(-)	1
L1FLnI_5q33.1p::chr5:152748176-152758594(+)	1
L1FLnI_7q32.3b::chr7:131977846-131987983(-)	1
L1FLnI_Xq21.1if::chrX:85076612-85086020(-)	1
L1FLnI_1q25.1p::chr1:175988757-175999001(+)	1
L1FLnI_1p22.2i::chr1:89230429-89240244(-)	1
L1FLnI_18q12.3r::chr18:44352137-44361166(-)	1
L1FLnI_4p15.2h::chr4:22264609-22273592(+)	1
L1FLnI_4q13.1la::chr4:62299623-62309573(+)	1
L1FLnI_22q11.1n::chr22:17020633-17030785(+)	1
L1FLnI_10p13i::chr10:16553665-16563193(-)	1
L1FLnI_5q21.2d::chr5:104714320-104723741(+)	1
L1FLnI_11q22.3x::chr11:107460040-107470420(-)	1
L1FLnI_4q13.1ma::chr4:62305761-62315883(+)	1
L1FLnI_5q14.3nb::chr5:92432385-92442446(+)	1
L1FLnI_5q13.3h::chr5:75692199-75702231(+)	1
L1FLnI_7p21.1d::chr7:17694888-17704771(+)	1
L1FLnI_10q21.3p::chr10:66157042-66167143(-)	1
L1FLnI_Xp22.13b::chrX:17568186-17578334(-)	1
L1FLnI_11q22.3ja::chr11:109561236-109569882(-)	1
L1FLnI_Xq13.3ha::chrX:75952222-75961689(-)	1
L1FLnI_4q13.1s::chr4:60149938-60160353(-)	2
L1FLnI_9p21.3z::chr9:23988203-23998334(+)	1
L1FLnI_3p12.3i::chr3:75091461-75101514(-)	1
L1FLnI_6p12.1i::chr6:54957930-54967937(+)	1
L1FLnI_7q31.33s::chr7:127172970-127183134(+)	1
L1FLnI_5p14.1p::chr5:28550880-28560271(-)	1
L1FLnI_4p15.2k::chr4:22974079-22984575(+)	1
L1FLnI_6q22.31ja::chr6:123444291-123454390(+)	3
L1FLnI_8q11.21r::chr8:49266083-49274815(-)	1
L1FLnI_6q27e::chr6:165279907-165289434(+)	1
L1FLnI_13q14.3m::chr13:52232701-52242135(+)	2
L1FLnI_8p23.2e::chr8:2739909-2748636(+)	1
L1FLnI_Xp21.3p::chrX:27755086-27765246(+)	1
L1FLnI_2q32.1e::chr2:182683055-182693172(+)	1
L1FLnI_11p11.12e::chr11:49774620-49784651(-)	1
L1FLnI_Xq21.1ab::chrX:79006924-79017378(-)	1
L1FLnI_20p12.3c::chr20:5244976-5254593(-)	2
L1FLnI_20q11.1a::chr20:28733156-28742990(+)	1
L1FLnI_2q24.1ga::chr2:157694867-157704670(+)	1
L1FLnI_19q13.43a::chr19:55818902-55828929(+)	5
L1FLnI_5q23.2l::chr5:123324144-123332862(-)	1
L1FLnI_5q11.2qa::chr5:58284562-58294668(+)	1
L1ORF2_1p33::chr1:49874142-49882188(-)	8
L1FLnI_11p14.3d::chr11:22050506-22059436(-)	1
L1FLnI_9q13e::chr9:62915752-62924265(+)	1
L1FLnI_3q25.1f::chr3:151524907-151535301(+)	1
L1FLnI_3p22.3l::chr3:34465841-34475864(-)	1
L1FLnI_4q34.3m::chr4:179569687-179579671(+)	1
L1FLnI_11p15.3b::chr11:11710807-11720931(-)	1
L1FLnI_3q13.13r::chr3:110506305-110516689(-)	1
L1FLnI_6q14.1j::chr6:76745150-76754642(-)	1
L1FLnI_12q13.11da::chr12:48402687-48412817(-)	1
L1FLnI_Xp11.3i::chrX:43197903-43207818(-)	1
L1FLnI_Xp11.22d::chrX:51012149-51022302(-)	1
L1FLnI_9p21.1ga::chr9:32285438-32295579(-)	1
L1FLnI_4p12l::chr4:46630382-46639500(-)	1
L1FLnI_2q36.3k::chr2:227061386-227071402(+)	1
L1FLnI_Xp22.11c::chrX:22234643-22244939(+)	1
L1FLnI_7q21.2d::chr7:91735430-91746818(-)	1
L1FLnI_5q21.2e::chr5:104715010-104723741(+)	1
L1FLnI_3q13.13ga::chr3:111369307-111379885(+)	1
L1FLnI_3q13.31p::chr3:117354947-117365365(+)	1
L1FLnI_15q13.3g::chr15:32179930-32190074(+)	1
L1FLnI_13q14.11o::chr13:43617044-43627249(-)	2
L1FLnI_8q13.2k::chr8:69015505-69025643(+)	1
L1FLnI_4q28.3n::chr4:132398453-132407768(-)	1
L1FLnI_8q21.3e::chr8:87222743-87232776(-)	1
L1FLnI_Xq12wa::chrX:67626135-67636161(-)	1
L1FLnI_17q22t::chr17:54817157-54827312(+)	1
L1FLnI_Xq13.3qa::chrX:76197115-76206714(-)	1
L1FLnI_12q13.2j::chr12:55161086-55171116(-)	1
L1FLnI_1q42.2k::chr1:234049139-234059284(-)	1
L1FLnI_9q21.32k::chr9:83222434-83232449(-)	1
L1FLnI_14q23.3j::chr14:66697866-66708289(+)	1
L1FLnI_9q21.11c::chr9:65994728-66003236(-)	1
L1FLnI_2p25.3c::chr2:994170-1003755(+)	1
L1FLnI_5p14.3b::chr5:18648398-18657450(-)	1
L1FLnI_2p12va::chr2:82208521-82218482(-)	1
L1FLnI_Xq21.1jf::chrX:85076613-85086020(-)	1
L1FLnI_18q12.1d::chr18:27737216-27747250(-)	1
L1FLnI_7q21.13m::chr7:89896421-89905807(-)	1
L1FLnI_4p15.1q::chr4:32652681-32661615(-)	1
L1FLnI_10q25.2h::chr10:112100426-112110489(+)	1
L1FLnI_4q21.22g::chr4:82180620-82190781(+)	2
L1FLnI_Xq21.1x::chrX:77386414-77396830(+)	3
L1FLnI_1q41z::chr1:220605021-220615192(-)	1
L1FLnI_8p12g::chr8:31934606-31944042(+)	1
L1FLnI_7p14.1a::chr7:37116664-37126796(+)	1
L1FLnI_22q11.1g::chr22:16231554-16241700(+)	1
L1FLnI_3q24k::chr3:144993153-145002373(-)	1
L1FLnI_3p22.1r::chr3:41274330-41284278(+)	1
L1FLnI_6q12ea::chr6:67260751-67270433(-)	1
L1FLnI_18q23h::chr18:77574256-77584365(+)	1
L1FLnI_7q21.11o::chr7:80560880-80569866(-)	1
L1FLnI_8q13.1d::chr8:65887229-65896558(+)	1
L1FLnI_3q13.33r::chr3:121163988-121173823(+)	1
L1FLnI_4q12k::chr4:52325313-52334651(-)	1
L1FLnI_Xp11.21ka::chrX:56180381-56190530(+)	1
L1FLnI_7q22.2d::chr7:104557178-104567206(-)	1
L1FLnI_5q14.3ya::chr5:90319693-90330823(-)	1
L1FLnI_2q31.3c::chr2:180271743-180280978(-)	1
L1FLnI_Xq21.31w::chrX:88627337-88636413(+)	1
L1FLnI_Xq13.3j::chrX:75084642-75094256(+)	1
L1FLnI_Yq11.21n::chrY:11166849-11177026(+)	1
L1FLnI_4p13c::chr4:41345961-41356136(+)	1
L1FLnI_2q24.1o::chr2:156077749-156088159(-)	1
L1FLnI_6q16.1o::chr6:94731753-94740427(+)	1
L1FLnI_1p21.2f::chr1:100642992-100652384(+)	1
L1FLnI_10q25.1ca::chr10:109536122-109546534(-)	1
L1FLnI_3p24.3ca::chr3:21011363-21021592(-)	1
L1FLnI_Xq25ba::chrX:125623216-125634962(+)	2
L1FLnI_10q25.2e::chr10:112058892-112068916(+)	1
L1FLnI_8q22.3r::chr8:103787384-103796084(+)	1
L1FLnI_1p21.1n::chr1:104331477-104340141(-)	1
L1FLnI_10q26.11b::chr10:118645831-118656242(-)	2
L1FLnI_4q28.2j::chr4:129049222-129059742(-)	1
L1FLnI_13q32.2c::chr13:97726913-97736943(+)	1
L1FLnI_5p15.32i::chr5:5944169-5952751(-)	1
L1FLnI_9p21.2n::chr9:27687020-27697048(+)	1
L1FLnI_Xq13.3ga::chrX:75950938-75961689(-)	1
L1FLnI_Xp11.21ec::chrX:57455030-57464104(+)	1
L1FLnI_14q21.1e::chr14:37949811-37959959(-)	1
L1FLnI_3p21.2h::chr3:51250344-51259691(-)	1
L1FLnI_7q11.21t::chr7:65463995-65474084(-)	1
L1FLnI_10q11.21d::chr10:42139504-42149644(-)	1
L1FLnI_2q33.1c::chr2:197058987-197068874(+)	1
L1FLnI_Xq11.2ga::chrX:64928693-64937607(-)	1
L1FLnI_12q14.2b::chr12:63192731-63202853(+)	1
L1FLnI_3p24.3pa::chr3:21982640-21992677(-)	2
L1FLnI_11q12.3m::chr11:63317433-63327112(+)	2
L1FLnI_10p11.21g::chr10:37044409-37054152(-)	1
L1FLnI_4q12ra::chr4:54758342-54767332(-)	1
L1FLnI_20p13l::chr20:4283235-4293381(-)	1
L1FLnI_7p21.3j::chr7:9162897-9173354(-)	1
L1FLnI_5q13.2h::chr5:73203266-73213715(+)	1
L1FLnI_Xp11.21b::chrX:54853432-54863601(-)	1
L1FLnI_8p23.2f::chr8:2739909-2748635(+)	1
L1FLnI_2p24.3d::chr2:13308527-13318250(-)	1
L1FLnI_3p26.1y::chr3:7329296-7338549(+)	1
L1FLnI_8q24.21t::chr8:129515824-129524364(+)	1
L1FLnI_Xq21.2w::chrX:86288909-86298925(-)	1
L1FLnI_2p22.3t::chr2:35888577-35898424(-)	1
L1FLnI_4q21.22c::chr4:81934426-81943054(+)	1
L1FLnI_5q32k::chr5:145887648-145897747(+)	1
L1FLnI_9q33.3d::chr9:126175827-126185233(-)	1
L1FLnI_Yq11.222s::chrY:18155822-18165953(-)	2
L1FLnI_Xq11.1o::chrX:63363939-63373725(+)	1
L1FLnI_Xq23sb::chrX:117264567-117274993(+)	1
L1FLnI_8q12.1ma::chr8:60152316-60160861(+)	1
L1FLnI_18p11.21t::chr18:15228610-15238749(-)	1
L1FLnI_5q23.2z::chr5:125358501-125368532(-)	2
L1FLnI_2p12v::chr2:78209406-78217954(+)	1
L1FLnI_15q11.2b::chr15:21038086-21048231(-)	2
L1FLnI_7q32.3c::chr7:131977858-131987983(-)	1
L1FLnI_1p22.2f::chr1:89129999-89138958(+)	1
L1FLnI_17q12g::chr17:34291951-34301952(-)	2
L1FLnI_6q16.2i::chr6:99934575-99944936(-)	1
L1FLnI_22p11.2j::chr22:12105327-12115471(-)	1
L1FLnI_6q23.3d::chr6:135595715-135604665(-)	1
L1FLnI_2p24.3r::chr2:15312750-15322884(+)	1
L1FLnI_3q22.2l::chr3:135812047-135821596(+)	1
L1FLnI_3q13.31j::chr3:116202886-116212926(-)	1
L1FLnI_2p24.3h::chr2:13657541-13666354(-)	1
L1FLnI_11p11.2g::chr11:48185250-48195394(-)	1
L1FLnI_Xp11.4i::chrX:42344180-42352916(-)	1
L1FLnI_12q21.31s::chr12:83115547-83126348(-)	1
L1FLnI_2q22.1aa::chr2:140563286-140573295(+)	1
L1FLnI_6q14.1xa::chr6:80491777-80501796(-)	1
L1FLnI_11p15.1u::chr11:21358257-21367125(-)	1
L1FLnI_4q21.1d::chr4:75431512-75441680(+)	1
L1FLnI_Yp11.2pb::chrY:9395846-9405994(+)	1
L1FLnI_Yq11.221p::chrY:13236453-13246602(-)	1
L1FLnI_1q23.3v::chr1:164455704-164465753(+)	1
L1FLnI_Yq11.221pa::chrY:15223240-15233472(-)	1
L1FLnI_5p15.31l::chr5:8727357-8737488(+)	1
L1FLnI_5p13.1n::chr5:40537806-40547835(+)	2
L1FLnI_5q14.2b::chr5:82131751-82142178(-)	1
L1FLnI_Xq22.1f::chrX:99265853-99275548(-)	2
L1FLnI_Xp11.4l::chrX:42432147-42441374(+)	1
L1FLnI_7p12.1r::chr7:53025822-53035836(-)	1
L1FLnI_14q21.3o::chr14:48633443-48642336(+)	1
L1FLnI_11p15.4r::chr11:5473999-5484020(+)	1
L1FLnI_2q23.3j::chr2:151739868-151749992(+)	1
L1FLnI_6q14.3v::chr6:85847393-85857866(-)	2
L1FLnI_4q13.1qa::chr4:63094946-63103554(+)	1
L1FLnI_15q11.2h::chr15:22299192-22308500(+)	1
L1FLnI_4q24ia::chr4:104703062-104713452(+)	1
L1FLnI_Yp11.2o::chrY:1921264-1930906(-)	1
L1FLnI_4q26ba::chr4:117687684-117697325(+)	1
L1FLnI_7q31.1qa::chr7:113950790-113961686(-)	1
L1FLnI_21q11.2i::chr21:14775402-14785573(+)	1
L1FLnI_4q31.21x::chr4:143025185-143033990(+)	1
L1FLnI_2p14t::chr2:67352565-67362791(+)	1
L1FLnI_6q16.1ia::chr6:97414431-97426362(-)	1
L1FLnI_9q22.33h::chr9:98504778-98514915(+)	1
L1FLnI_15q24.2d::chr15:76092637-76103035(-)	1
L1FLnI_11p14.2c::chr11:26961619-26971634(+)	1
L1FLnI_8q11.23q::chr8:54580489-54590642(-)	1
L1FLnI_4q25ka::chr4:111973175-111981934(-)	1
L1FLnI_4q13.3fb::chr4:75214516-75224674(-)	1
L1FLnI_11p12g::chr11:37941008-37950426(-)	1
L1FLnI_12q14.1d::chr12:58053170-58063197(-)	1
L1FLnI_4q24ua::chr4:105856631-105866749(+)	1
L1FLnI_5q35.1e::chr5:170929913-170939908(-)	1
L1FLnI_4q12ba::chr4:53244410-53254402(+)	1
L1FLnI_Xq22.1q::chrX:99771322-99781166(-)	1
L1FLnI_6q11.1u::chr6:61720066-61728967(+)	1
L1FLnI_3q21.1c::chr3:122729372-122739550(+)	1
L1FLnI_18q21.31c::chr18:56522070-56532195(+)	1
L1FLnI_7p14.1v::chr7:42793455-42802824(+)	1
L1FLnI_5q23.2n::chr5:123625494-123635329(+)	1
L1FLnI_2q22.3q::chr2:147178723-147189029(+)	1
L1FLnI_4q32.2j::chr4:163572830-163581404(-)	1
L1FLnI_14q22.1l::chr14:53297886-53306991(-)	1
L1FLnI_8q12.1t::chr8:57732642-57742847(-)	1
L1FLnI_Xq22.1b::chrX:99149085-99159215(+)	1
L1FLnI_4p15.1l::chr4:32360062-32370080(-)	1
L1FLnI_1q23.1q::chr1:158882604-158892628(+)	1
L1FLnI_4p15.1t::chr4:34276694-34285862(-)	1
L1FLnI_2q23.2e::chr2:149501801-149510906(-)	1
L1FLnI_Yq11.223w::chrY:21512443-21522460(-)	1
L1FLnI_Xq26.3g::chrX:135261735-135270852(+)	3
L1FLnI_1q25.2c::chr1:176307883-176317888(-)	1
L1FLnI_Xq21.1fa::chrX:78236545-78245957(+)	1
L1FLnI_5q12.1z::chr5:62859649-62869800(+)	1
L1FLnI_5q14.1e::chr5:78381930-78391524(-)	1
L1FLnI_15q25.2j::chr15:83380152-83390116(+)	1
L1FLnI_2q32.3o::chr2:193704414-193714434(-)	1
L1FLnI_8q11.21q::chr8:49264267-49274815(-)	1
L1FLnI_1q31.1i::chr1:187217153-187228661(-)	1
L1FLnI_Yp11.2na::chrY:4067455-4077469(+)	1
L1FLnI_8q22.1t::chr8:95868842-95878745(+)	1
L1FLnI_8q21.2m::chr8:84615094-84625123(-)	1
L1FLnI_3p23a::chr3:30935291-30946009(-)	1
L1FLnI_7q21.11p::chr7:80560887-80569866(-)	1
L1FLnI_9p11.1c::chr9:42743588-42752100(+)	1
L1FLnI_6q13ua::chr6:74893615-74902464(-)	2
L1FLnI_11p15.4ja::chr11:10336127-10345281(+)	1
L1FLnI_Xq21.1cf::chrX:84665713-84676020(+)	1
L1FLnI_21p11.2p::chr21:10766253-10776288(+)	1
L1FLnI_16q21i::chr16:59558795-59567300(-)	1
L1FLnI_8q12.1w::chr8:58366658-58376683(+)	1
L1FLnI_12q21.1r::chr12:73311042-73320259(-)	1
L1FLnI_1q23.3u::chr1:164348489-164357094(+)	1
L1FLnI_1q32.2r::chr1:210922788-210932167(+)	1
L1FLnI_11p14.3g::chr11:22522691-22532712(-)	1
L1FLnI_4q28.2k::chr4:129049222-129059334(-)	1
L1FLnI_Xq21.31ma::chrX:90411176-90420144(-)	4
L1FLnI_Xp11.22u::chrX:52019948-52030084(-)	1
L1FLnI_4q33p::chr4:170985376-170994818(-)	1
L1FLnI_8p12ba::chr8:34531905-34540856(+)	1
L1FLnI_7q31.1pa::chr7:113949336-113961686(-)	1
L1FLnI_2p24.1v::chr2:22586528-22595889(+)	1
L1FLnI_Xq28ba::chrX:152312692-152321229(+)	1
L1FLnI_Xq21.33fb::chrX:98841831-98850912(-)	2
L1FLnI_3q24l::chr3:144993165-145002373(-)	1
L1FLnI_4q28.3va::chr4:137566643-137575772(-)	1
L1FLnI_9q21.31n::chr9:80512939-80522087(-)	1
L1FLnI_10q26.13h::chr10:125612782-125622113(-)	1
L1FLnI_10p12.33b::chr10:18030141-18040175(-)	1
L1FLnI_10p12.31p::chr10:20525215-20535346(-)	1
L1FLnI_8q12.1u::chr8:57732642-57742098(-)	1
L1FLnI_14q21.1ia::chr14:40344559-40354580(+)	1
L1FLnI_12q12x::chr12:41080959-41090971(-)	1
L1FLnI_6q15l::chr6:90880017-90889830(-)	1
L1FLnI_11p15.1h::chr11:18988242-18997512(-)	1
L1FLnI_7q31.33j::chr7:124978942-124988990(-)	1
L1FLnI_8p22h::chr8:15679860-15688981(-)	1
L1FLnI_10q26.13d::chr10:122918391-122927389(+)	1
L1FLnI_3q11.2ga::chr3:98417618-98427886(+)	1
L1FLnI_11q14.3j::chr11:89740688-89750714(+)	1
L1FLnI_15q11.1b::chr15:20031432-20041580(-)	2
L1FLnI_12q14.2e::chr12:63326821-63337219(+)	1
L1FLnI_8q13.3s::chr8:71402861-71412886(+)	5
L1FLnI_11p11.2k::chr11:48283244-48293752(-)	2
L1FLnI_10p12.1d::chr10:25608678-25619984(-)	1
L1FLnI_10q21.2b::chr10:59411257-59420763(+)	1
L1FLnI_2q22.3j::chr2:146294564-146304643(+)	1
L1FLnI_9p11.2e::chr9:41146459-41156494(+)	3
L1FLnI_7q36.1f::chr7:150547006-150555805(+)	1
L1FLnI_4q12ka::chr4:53561138-53571198(+)	1
L1FLnI_1q32.2b::chr1:207192504-207202562(+)	1
L1FLnI_12q21.2k::chr12:77443847-77455288(+)	1
L1FLnI_8q12.3u::chr8:63860050-63868732(-)	1
L1FLnI_Xq11.2x::chrX:64698758-64707945(-)	2
L1FLnI_2q34ia::chr2:212654091-212663531(-)	1
L1FLnI_1q44l::chr1:247566661-247577136(-)	1
L1FLnI_9q13j::chr9:64798761-64808876(-)	5
L1FLnI_13q31.1h::chr13:79836169-79846317(+)	1
L1FLnI_4q24ha::chr4:104686525-104696401(-)	1
L1FLnI_13q14.2y::chr13:50179796-50189830(-)	1
L1FLnI_5q33.1w::chr5:153279059-153289581(+)	1
L1FLnI_18p11.21b::chr18:11345675-11355756(+)	1
L1FLnI_3q11.2m::chr3:95059315-95069451(-)	1
L1FLnI_1p33ba::chr1:49931342-49941364(+)	1
L1FLnI_5q34d::chr5:160757136-160767240(+)	1
L1FLnI_3q24d::chr3:143695747-143705047(+)	1
L1FLnI_4q27w::chr4:122397848-122408217(-)	1
L1FLnI_15q21.3f::chr15:53179749-53189698(+)	1
L1FLnI_10q21.1ca::chr10:56182833-56192765(+)	1
L1FLnI_5q23.1s::chr5:120126362-120136528(-)	1
L1FLnI_6q22.1i::chr6:115078410-115087235(+)	1
L1FLnI_1q32.1d::chr1:199595635-199605299(+)	1
L1FLnI_12q13.11h::chr12:46585967-46595210(-)	1
L1FLnI_14q11.2c::chr14:19122649-19131607(-)	2
L1FLnI_2p24.3p::chr2:14844565-14854578(+)	4
L1FLnI_11q21s::chr11:96405121-96415165(-)	5
L1FLnI_5q34m::chr5:162183979-162194525(-)	1
L1FLnI_17q24.3i::chr17:71640533-71649440(+)	1
L1FLnI_Xq26.1a::chrX:129853140-129862860(-)	1
L1FLnI_6p12.3ia::chr6:51072049-51082001(-)	1
L1FLnI_12q13.11aa::chr12:48397760-48406664(-)	3
L1FLnI_Xq22.1da::chrX:100300548-100309654(+)	1
L1FLnI_12q13.2b::chr12:54737859-54747993(-)	1
L1FLnI_9q31.2n::chr9:108026074-108036234(-)	1
L1FLnI_Yq11.221m::chrY:13004226-13013898(-)	1
L1FLnI_2q32.1ja::chr2:186808275-186817671(+)	1
L1FLnI_11q21aa::chr11:97015423-97026734(+)	1
L1FLnI_2q13f::chr2:110247422-110257559(+)	2
L1FLnI_6q22.1g::chr6:114969887-114979901(-)	1
L1FLnI_5q14.2j::chr5:83127474-83137276(-)	1
L1FLnI_9p12b::chr9:39422961-39431942(+)	1
L1FLnI_6p12.1f::chr6:54323654-54334129(+)	1
L1FLnI_4q35.2i::chr4:189239495-189249654(-)	1
L1FLnI_13q31.1g::chr13:79816556-79826718(-)	1
L1FLnI_13q14.11e::chr13:40825320-40835334(+)	1
L1FLnI_13q21.1y::chr13:58784367-58794812(-)	1
L1FLnI_1p11.2b::chr1:120669791-120679929(+)	3
L1FLnI_3p11.1z::chr3:90187165-90197262(-)	1
L1FLnI_Xq22.1i::chrX:99388701-99398438(-)	1
L1FLnI_10q23.31o::chr10:89905290-89915057(-)	1
L1FLnI_Xq21.1xe::chrX:84385013-84393684(-)	1
L1FLnI_7q21.13b::chr7:88550536-88560560(-)	1
L1FLnI_9p23f::chr9:10669925-10679616(-)	1
L1FLnI_13q14.11q::chr13:43623264-43633099(-)	2
L1FLnI_2p11.2l::chr2:84498413-84508203(-)	1
L1FLnI_8q11.21w::chr8:50511847-50521918(+)	1
L1FLnI_12q21.32w::chr12:87969264-87978678(-)	1
L1FLnI_10q21.1r::chr10:54006007-54017403(+)	1
L1FLnI_1q24.1e::chr1:166310370-166320527(-)	1
L1FLnI_5q33.3h::chr5:156980646-156989375(+)	1
L1FLnI_22q11.1b::chr22:15490839-15500194(+)	1
L1FLnI_3p14.2u::chr3:61207522-61217654(+)	1
L1FLnI_10q26.13e::chr10:124187436-124197463(-)	1
L1FLnI_15q14k::chr15:37404352-37413526(+)	1
L1FLnI_3q13.13ea::chr3:111294313-111304144(-)	1
L1FLnI_5p12ba::chr5:45237359-45247503(-)	1
L1FLnI_21q21.1h::chr21:16875889-16885448(+)	1
L1FLnI_18q21.2f::chr18:52632339-52642978(+)	1
L1FLnI_3q22.3r::chr3:137650411-137660942(+)	1
L1FLI_14q12::chr14:26628254-26636301(-)	5
L1FLnI_3q13.13y::chr3:110981903-110990917(+)	1
L1FLnI_12q21.32i::chr12:87094907-87104939(+)	1
L1FLnI_12q15n::chr12:71086508-71097462(-)	1
L1FLnI_2p22.1g::chr2:40008101-40018119(-)	1
L1FLnI_6q13aa::chr6:71797084-71807718(-)	1
L1FLnI_4q13.3bb::chr4:75074714-75083889(-)	1
L1FLnI_2q36.3j::chr2:227061386-227071389(+)	1
L1FLnI_3q26.32e::chr3:176479364-176489500(-)	1
L1FLnI_2q11.2g::chr2:97595536-97605698(-)	2
L1FLnI_12q13.11u::chr12:47527997-47537120(-)	2
L1FLnI_Xp22.11b::chrX:22228241-22238800(-)	1
L1FLnI_9p21.3d::chr9:20795320-20804675(-)	1
L1FLnI_6q27p::chr6:169347412-169357818(-)	1
L1FLnI_Xq22.1p::chrX:99771322-99782940(-)	1
L1FLnI_Xp11.3j::chrX:43197903-43206512(-)	1
L1FLnI_Xq12ga::chrX:67059507-67069634(-)	2
L1FLnI_Xp22.2u::chrX:16230150-16240356(-)	1
L1FLnI_7p14.2b::chr7:34902740-34912768(+)	1
L1FLnI_2q22.2b::chr2:141567891-141577085(+)	1
L1FLnI_5q33.2k::chr5:156067628-156076614(-)	2
L1FLnI_4q31.21m::chr4:141876847-141886876(-)	1
L1FLnI_4q22.1e::chr4:87813149-87823790(-)	1
L1FLnI_Yq11.223oa::chrY:22824509-22833470(-)	1
L1FLnI_3q23q::chr3:141134416-141144979(-)	1
L1FLnI_5p15.32a::chr5:4495847-4505872(-)	1
L1FLnI_5q21.3r::chr5:108422406-108432742(-)	1
L1FLnI_11q21g::chr11:94093511-94103660(-)	1
L1FLnI_2p25.1d::chr2:9034832-9044996(+)	1
L1FLnI_11p15.3o::chr11:13793301-13802746(-)	1
L1FLnI_Yq11.221va::chrY:16326945-16337082(-)	1
L1FLnI_22p11.2q::chr22:12869935-12880063(+)	1
L1FLnI_Yq11.223q::chrY:21104503-21114624(+)	1
L1FLnI_4q13.3ha::chr4:72844168-72853390(+)	1
L1FLnI_6q24.1h::chr6:141333878-141342569(+)	1
L1FLnI_15q11.2c::chr15:21619840-21628515(-)	1
L1FLnI_10q11.21g::chr10:42525716-42535721(-)	1
L1FLnI_3p11.1q::chr3:89744114-89754142(+)	1
L1FLnI_Xq13.2t::chrX:73491540-73501582(-)	1
L1FLnI_1p21.3r::chr1:96428188-96436936(-)	1
L1FLnI_6q11.1z::chr6:62334730-62344178(+)	1
L1FLnI_Xq22.3ea::chrX:107360837-107370849(+)	1
L1FLnI_7p12.1t::chr7:53662084-53671221(-)	1
L1FLnI_2p11.2t::chr2:91443448-91453571(+)	3
L1FLnI_13q33.1g::chr13:103257826-103267047(-)	1
L1FLnI_15q25.3b::chr15:85430464-85440476(+)	2
L1FLnI_7p11.2o::chr7:56837915-56848025(-)	1
L1FLnI_3q13.13z::chr3:110981977-110990917(+)	1
L1FLnI_11q14.3ca::chr11:92069035-92079181(+)	1
L1FLnI_4q31.21ua::chr4:145562222-145572599(+)	2
L1FLnI_12p12.3ea::chr12:19728190-19738344(-)	1
L1FLnI_6p25.2b::chr6:2584821-2593610(-)	1
L1FLnI_6p24.3e::chr6:8769972-8780012(-)	2
L1FLnI_1q44y::chr1:248524458-248534441(+)	1
L1FLnI_5p15.2m::chr5:12616831-12627378(-)	1
L1FLnI_Yq11.222v::chrY:18223938-18233958(-)	1
L1FLnI_15q15.3d::chr15:44356118-44364707(+)	1
L1FLnI_21p11.2i::chr21:9262438-9272566(+)	1
L1FLnI_2p12x::chr2:78651033-78661412(+)	1
L1FLnI_Xq22.3f::chrX:104903802-104913335(-)	1
L1FLnI_12q23.3b::chr12:103562430-103571366(+)	1
L1FLnI_1p13.1c::chr1:116048414-116058552(+)	1
L1FLnI_6p22.3e::chr6:18224890-18234779(+)	1
L1FLnI_Xp11.21fa::chrX:56125650-56136210(+)	1
L1FLnI_5q23.1t::chr5:120126445-120136528(-)	1
L1FLnI_2q14.3j::chr2:123732533-123742552(-)	1
L1FLnI_18p11.32d::chr18:1028850-1038939(-)	2
L1FLnI_18p11.32f::chr18:1035488-1044269(+)	2
L1FLnI_5q15c::chr5:93257536-93267565(+)	1
L1FLnI_14q31.3ea::chr14:88442962-88452408(-)	1
L1FLnI_2q11.2a::chr2:96039462-96049604(-)	2
L1FLnI_5q33.2j::chr5:156067600-156076614(-)	2
L1FLnI_7p12.1j::chr7:51551638-51561791(-)	1
L1FLnI_Xq25i::chrX:122615376-122624937(-)	1
L1FLnI_1p31.1h::chr1:70594621-70604778(-)	1
L1FLnI_10q21.3t::chr10:66432180-66442646(-)	1
L1FLnI_3q13.31d::chr3:115311806-115321970(-)	1
L1FLnI_17q23.2d::chr17:61106730-61116752(+)	2
L1FLnI_3q22.2d::chr3:135024700-135034749(-)	1
L1FLnI_Xq28qa::chrX:155418475-155428618(+)	1
L1FLnI_3q13.11n::chr3:104471246-104479947(+)	1
L1FLnI_13q31.2b::chr13:87230012-87239144(-)	1
L1FLnI_2q14.3w::chr2:124404371-124414382(+)	1
L1FLnI_8q22.1i::chr8:93479763-93489889(+)	1
L1FLnI_13q14.3k::chr13:52051009-52060467(+)	1
L1FLnI_10q26.2f::chr10:126672972-126682958(+)	1
L1FLnI_2p11.2m::chr2:84505059-84515200(-)	1
L1FLnI_Yq11.221ya::chrY:16373080-16383179(+)	1
L1FLnI_Xq21.2p::chrX:85817502-85828087(+)	1
L1FLnI_2q14.1ga::chr2:117919630-117929772(+)	1
L1FLnI_Xp11.21bb::chrX:56632509-56642663(+)	1
L1FLnI_3q12.2j::chr3:101104831-101114976(+)	1
L1FLnI_2q32.1ka::chr2:186808696-186817671(+)	1
L1FLnI_Xq21.33ba::chrX:96272275-96280783(+)	1
L1FLnI_9q22.33b::chr9:96793506-96803685(+)	1
L1FLnI_16q22.2a::chr16:70909590-70920173(-)	3
L1FLnI_9q33.3f::chr9:126990165-126999678(+)	1
L1FLnI_5p12ja::chr5:45844000-45854513(+)	1
L1FLnI_11q22.1n::chr11:99577336-99587473(-)	1
L1FLnI_14q11.2n::chr14:22345422-22355565(+)	1
L1FLnI_2q31.2q::chr2:179382257-179392390(+)	1
L1FLnI_2q32.1ia::chr2:186789222-186799599(+)	2
L1FLnI_5p12s::chr5:44010306-44020378(+)	1
L1FLnI_7q31.1da::chr7:112640624-112650921(-)	1
L1FLnI_3p23b::chr3:30935299-30946009(-)	1
L1FLnI_11q14.2w::chr11:88224145-88235220(-)	2
L1FLnI_7p22.1e::chr7:7139114-7149247(-)	1
L1FLnI_4q13.2x::chr4:68639743-68649886(-)	1
L1FLnI_Yq11.223na::chrY:22818303-22828509(-)	1
L1FLnI_1q41ja::chr1:222135729-222144547(+)	1
L1FLnI_4q22.3s::chr4:96758247-96768620(-)	1
L1FLnI_Xq23p::chrX:110816265-110826273(-)	1
L1FLnI_7q31.32i::chr7:123588832-123598623(-)	1
L1FLnI_3p24.3fa::chr3:21110041-21121588(-)	1
L1FLnI_6q11.1g::chr6:60615994-60626018(-)	1
L1FLnI_Xq21.1ib::chrX:79459168-79468161(+)	1
L1FLnI_Xq13.3m::chrX:75182523-75192543(-)	1
L1FLnI_8q22.3d::chr8:101667534-101677723(+)	2
L1FLnI_11q14.3m::chr11:90089197-90099229(-)	1
L1FLnI_17q23.2e::chr17:61106730-61116738(+)	2
L1FLnI_13q31.1e::chr13:79296567-79306563(+)	1
L1FLnI_10q23.33e::chr10:94633840-94644286(-)	1
L1FLnI_2p12ia::chr2:80811295-80821522(+)	1
L1FLnI_7q11.21l::chr7:63728965-63738932(+)	1
L1FLnI_2p24.1s::chr2:22152943-22162964(+)	1
L1FLnI_2q21.2b::chr2:132062376-132072516(-)	1
L1FLnI_11q14.1h::chr11:80899120-80907921(+)	1
L1FLnI_11q22.1t::chr11:100276169-100287163(-)	2
L1FLnI_16p12.3a::chr16:16744541-16754682(-)	1
L1FLnI_11p12fa::chr11:40907065-40917210(+)	1
L1FLnI_11p11.12f::chr11:49774624-49784651(-)	1
L1FLnI_5q15fa::chr5:97513413-97523443(-)	1
L1FLnI_Xq26.3r::chrX:137956185-137966321(+)	1
L1FLnI_15q23g::chr15:70984135-70994281(-)	1
L1FLnI_4q24bb::chr4:106100221-106109508(+)	1
L1FLnI_Xp11.22l::chrX:51531073-51541094(-)	1
L1FLnI_13q21.1k::chr13:56759345-56769861(+)	1
L1FLnI_14q12gb::chr14:32871475-32881194(-)	1
L1FLnI_19p12u::chr19:24147020-24157203(-)	1
L1FLnI_7q21.11fa::chr7:84399452-84409555(+)	1
L1FLnI_Xq21.2t::chrX:86112831-86122848(-)	1
L1FLnI_10q23.1q::chr10:81762741-81771887(-)	2
L1FLnI_6p11.2k::chr6:58232251-58241431(-)	1
L1FLnI_2q22.1m::chr2:137988315-137998655(+)	1
L1FLnI_Xq13.3bb::chrX:76461706-76471308(-)	2
L1FLnI_10q23.31v::chr10:90226040-90235545(+)	1
L1FLnI_20p11.23f::chr20:18866927-18877354(-)	2
L1FLnI_5q21.3w::chr5:109285718-109296133(+)	1
L1FLnI_1p21.3i::chr1:95480637-95489747(+)	1
L1FLnI_Yq11.223ca::chrY:21991028-22001067(+)	2
L1FLnI_2q24.1w::chr2:156961843-156971983(-)	1
L1FLnI_6q22.31x::chr6:122536656-122546852(-)	1
L1FLnI_18q12.3s::chr18:44352137-44360729(-)	1
L1FLnI_Xq24q::chrX:120045904-120056018(-)	1
L1FLnI_Xq21.2d::chrX:85521706-85532084(-)	1
L1FLnI_2q21.3b::chr2:134650055-134660074(-)	7
L1FLnI_9q13f::chr9:63474610-63484723(-)	5
L1FLnI_Xq21.2n::chrX:85802442-85812569(-)	1
L1FLnI_6q13h::chr6:69999383-70008334(-)	1
L1FLnI_Xq13.3b::chrX:74788477-74798500(-)	1
L1FLnI_10q23.1ta::chr10:85460645-85470720(+)	1
L1FLnI_1p31.1o::chr1:72712281-72721163(-)	1
L1FLnI_13q33.1e::chr13:102538543-102547717(+)	1
L1FLnI_2p24.2d::chr2:17902948-17913096(-)	1
L1FLnI_9q21.32j::chr9:83222406-83232449(-)	1
L1FLnI_Yq11.21m::chrY:11166849-11176996(+)	1
L1FLnI_18p11.22j::chr18:10646519-10656613(+)	1
L1FLnI_12p13.2h::chr12:11294157-11304185(+)	8
L1FLnI_Xq13.3da::chrX:75810476-75820824(+)	2
L1FLnI_11q14.3k::chr11:89786281-89796396(+)	1
L1FLnI_12p12.1v::chr12:23460443-23470856(+)	1
L1FLnI_6q14.1ua::chr6:80414524-80423322(-)	2
L1FLnI_Xq27.3f::chrX:143522760-143532611(-)	1
L1FLnI_3p11.1b::chr3:87879379-87888993(+)	1
L1FLnI_1q31.1o::chr1:188751717-188761760(-)	1
L1FLnI_3q29h::chr3:195084173-195094217(+)	1
L1FLnI_17p12j::chr17:15351801-15361303(+)	1
L1FLnI_1q41o::chr1:218627313-218636475(-)	1
L1FLnI_4q34.1b::chr4:171316488-171326406(+)	1
L1FLnI_10q11.21y::chr10:45262302-45272441(+)	1
L1FLnI_7p21.2f::chr7:14701045-14710479(+)	3
L1FLnI_2q32.1d::chr2:182683055-182693173(+)	1
L1FLnI_1p31.2c::chr1:68680999-68691136(-)	1
L1FLnI_19q12i::chr19:29249144-29259125(-)	1
L1FLnI_5q32d::chr5:145508864-145518645(+)	1
L1FLnI_11p15.1t::chr11:21358217-21367125(-)	1
L1FLnI_2q23.3o::chr2:153086187-153095157(-)	1
L1FLnI_4p15.2s::chr4:24345034-24353731(-)	1
L1FLnI_2p11.2c::chr2:83413487-83422419(+)	1
L1FLnI_4p16.1a::chr4:7403499-7413411(-)	1
L1FLnI_3q22.3s::chr3:137657084-137667219(+)	1
L1FLnI_1q32.2a::chr1:207192504-207202569(+)	1
L1FLnI_5q35.3g::chr5:180885906-180896346(+)	1
L1FLnI_4q26ta::chr4:119273600-119283627(-)	2
L1FLnI_21q21.2f::chr21:25430396-25440126(+)	1
L1FLnI_2p11.2g::chr2:84101158-84110702(+)	1
L1FLnI_8q24.13s::chr8:126195920-126204925(+)	1
L1FLnI_Xq21.2s::chrX:86112817-86122848(-)	1
L1FLnI_12q23.1ba::chr12:99784045-99795479(+)	1
L1FLnI_10q26.13c::chr10:122918391-122928260(+)	1
L1FLnI_Yq11.223r::chrY:21273704-21282669(+)	1
L1FLnI_1q41ka::chr1:222142003-222152325(+)	1
L1FLnI_14q32.2d::chr14:97190843-97200215(-)	1
L1FLnI_9q12a::chr9:60981704-60990685(+)	1
L1FLnI_18q12.3o::chr18:43980486-43990694(+)	1
L1FLnI_Xq25hc::chrX:129205978-129214772(-)	1
L1FLnI_6q23.3l::chr6:137885192-137895370(-)	1
L1FLnI_4p15.32h::chr4:16366801-16376341(-)	1
L1FLnI_4q31.21ba::chr4:143136566-143146996(+)	1
L1FLnI_4q21.22b::chr4:81931247-81941425(-)	1
L1FLnI_Xq13.1n::chrX:69749679-69759680(-)	1
L1FLnI_2p11.2q::chr2:90349839-90359984(-)	3
L1FLnI_10p12.31g::chr10:19580732-19590752(-)	1
L1FLnI_3q13.12g::chr3:107466560-107476989(+)	1
L1FLnI_14q21.1k::chr14:38445208-38453995(+)	1
L1FLnI_11q25q::chr11:134491785-134501161(-)	1
L1FLnI_2q24.1r::chr2:156251019-156261042(+)	1
L1FLnI_8q12.3t::chr8:63860050-63868680(-)	1
L1FLnI_Xq23f::chrX:109894963-109905128(-)	1
L1FLnI_8p23.2a::chr8:2317184-2327239(-)	1
L1FLnI_13q33.3c::chr13:107920157-107930206(-)	1
L1FLnI_7q31.2i::chr7:116071944-116081476(+)	1
L1FLnI_3q28c::chr3:188422463-188431088(-)	1
L1FLnI_5q14.3na::chr5:89775199-89784466(+)	1
L1FLnI_6q12fa::chr6:67260751-67269855(-)	1
L1FLnI_Xq13.3t::chrX:75560771-75570803(-)	1
L1FLnI_7q21.2g::chr7:91755698-91765685(+)	1
L1FLnI_1p36.32b::chr1:4031941-4040471(+)	1
L1FLnI_7q21.11ia::chr7:84552446-84562159(+)	1
L1FLnI_9q13i::chr9:63976262-63986334(+)	1
L1FLnI_9p22.1j::chr9:19850846-19860454(-)	1
L1FLnI_12q12s::chr12:39940587-39950585(-)	1
L1ORF2_6q21a::chr6:105715121-105723294(+)	1
L1FLnI_Xq13.2ia::chrX:74071490-74081602(-)	1
L1FLnI_4q31.23o::chr4:149844705-149854737(+)	1
L1FLnI_7p21.2g::chr7:15271633-15280526(-)	1
L1FLnI_Xq21.1xa::chrX:78871501-78880550(+)	1
L1FLnI_Yq11.21x::chrY:11788616-11798745(-)	1
L1FLnI_13q21.1l::chr13:56759345-56769851(+)	1
L1FLnI_9q21.33k::chr9:86153589-86163622(+)	1
L1FLnI_4q34.3l::chr4:179569687-179580237(+)	1
L1FLnI_7p12.1u::chr7:53662084-53671219(-)	1
L1FLnI_Yq11.222h::chrY:17692181-17702223(+)	1
L1FLnI_11q14.3da::chr11:92069035-92079171(+)	1
L1FLnI_Xq21.33v::chrX:95865101-95874238(+)	1
L1FLnI_8q11.21v::chr8:50507418-50517560(-)	1
L1FLnI_1p12y::chr1:120218487-120228630(-)	3
L1FLnI_12q14.1o::chr12:59386209-59396668(+)	1
L1FLnI_13q31.1x::chr13:81744715-81753699(+)	1
L1FLnI_6q14.1pb::chr6:82097804-82107812(+)	1
L1FLnI_14q23.1k::chr14:59400338-59409229(-)	1
L1FLnI_12p12.2a::chr12:20062982-20073365(+)	1
L1FLnI_4q28.1q::chr4:124438811-124449234(-)	1
L1FLnI_2q14.1o::chr2:116048442-116058467(-)	2
L1FLnI_7p22.1d::chr7:7139102-7149247(-)	1
L1FLnI_1p35.1c::chr1:34088895-34098926(+)	1
L1FLnI_14q21.1u::chr14:39521040-39530958(-)	1
L1FLnI_7q36.1b::chr7:150113286-150123740(+)	3
L1FLnI_17q22n::chr17:54414311-54424440(+)	1
L1FLnI_20p13e::chr20:1213282-1221843(+)	1
L1FLnI_14q21.3y::chr14:49348086-49357771(-)	1
L1FLnI_9q12b::chr9:61338575-61348136(-)	1
L1FLnI_18p11.22k::chr18:10646519-10656603(+)	1
L1FLnI_1q23.1t::chr1:158957914-158969563(+)	1
L1FLnI_21p11.2j::chr21:9308104-9317259(+)	2
L1FLnI_4q28.3ua::chr4:137566643-137577018(-)	1
L1FLnI_10q23.33m::chr10:94954407-94964259(-)	1
L1FLnI_4q25q::chr4:110321321-110331453(-)	1
L1FLnI_14q22.3p::chr14:57521388-57531743(-)	1
L1FLnI_3p26.1n::chr3:6025125-6033980(-)	1
L1FLnI_18q12.2j::chr18:36242410-36251428(-)	1
L1FLnI_4p11g::chr4:49169318-49179464(-)	4
L1FLnI_10p12.1e::chr10:25615686-25625936(+)	1
L1FLnI_4q12da::chr4:53258097-53267747(-)	1
L1FLnI_Yq11.221ab::chrY:16403165-16413275(-)	1
L1FLnI_17q22d::chr17:53178898-53187854(-)	1
L1FLnI_12q23.3k::chr12:105772565-105782598(+)	1
L1FLnI_8p23.2o::chr8:5183530-5193659(+)	1
L1FLnI_Xq13.2n::chrX:73371312-73381348(+)	1
L1FLnI_3q11.2k::chr3:95032476-95042247(-)	1
L1FLnI_6q16.1x::chr6:96282970-96294615(+)	1
L1FLnI_4q32.1z::chr4:159709013-159719062(-)	1
L1FLnI_3p14.1w::chr3:68386070-68396438(+)	1
L1FLnI_8q12.3y::chr8:64236598-64246624(+)	1
L1FLnI_3p12.2k::chr3:82740336-82749603(+)	1
L1FLnI_20q13.12h::chr20:45687376-45697481(-)	1
L1FLnI_14q13.3d::chr14:36181055-36191179(+)	1
L1FLnI_4p15.31f::chr4:18254030-18264548(-)	1
L1FLnI_10q23.1w::chr10:83104991-83115417(+)	1
L1FLnI_4q12ja::chr4:53561138-53571178(+)	1
L1FLnI_20p13d::chr20:1213282-1221972(+)	1
L1FLnI_15q13.3h::chr15:32288770-32298810(+)	1
L1FLnI_10q23.31b::chr10:88299366-88309797(+)	1
L1FLnI_2q32.3r::chr2:194024832-194035157(+)	1
L1FLnI_Xp11.4h::chrX:42335958-42347334(-)	1
L1FLnI_Xq13.2u::chrX:73491540-73501584(-)	1
L1FLnI_1q21.3h::chr1:152581012-152590741(+)	1
L1FLnI_2q31.3d::chr2:180272120-180280978(-)	1
L1FLnI_Xq23ga::chrX:113084049-113094187(+)	1
L1FLnI_7q31.32d::chr7:122278416-122288445(-)	1
L1FLnI_8q22.1ba::chr8:97013380-97023984(+)	1
L1FLnI_Xq21.1ae::chrX:83226455-83235646(-)	1
L1FLnI_Xq12ta::chrX:67452656-67463074(+)	1
L1FLnI_8q12.3j::chr8:62706592-62716638(-)	1
L1FLnI_11p12q::chr11:39391432-39400483(-)	1
L1FLnI_6q25.3j::chr6:159700641-159710766(+)	1
L1FLnI_5p13.3c::chr5:29186068-29194759(-)	1
L1FLnI_2p12t::chr2:78200434-78209122(+)	1
L1FLnI_17q22m::chr17:54414311-54424865(+)	1
L1FLnI_4q13.1e::chr4:59474627-59484749(+)	1
L1FLnI_3p14.2e::chr3:58838655-58848679(+)	2
L1FLnI_Xq27.1q::chrX:140266319-140276850(-)	1
L1FLnI_4q12h::chr4:52212655-52221684(-)	1
L1FLnI_5p15.32f::chr5:4887096-4897198(-)	1
L1FLnI_8p23.3a::chr8:152784-163206(+)	8
L1FLnI_6p12.1h::chr6:54957930-54967951(+)	1
L1FLnI_1p22.2j::chr1:89230429-89238959(-)	1
L1FLnI_4q12ca::chr4:53257676-53267747(-)	1
L1FLnI_Xq21.1be::chrX:83229085-83239054(+)	1
L1FLnI_7q31.1ua::chr7:114875710-114886138(-)	1
L1FLnI_4q28.3m::chr4:132398439-132407768(-)	1
L1FLnI_Xq13.3i::chrX:75084642-75094266(+)	1
L1FLnI_5q32e::chr5:145508864-145518635(+)	1
L1FLnI_15q21.3e::chr15:53179749-53189702(+)	1
L1FLnI_Xq26.1d::chrX:130447027-130457153(-)	1
L1FLnI_9p23c::chr9:9422429-9432547(+)	1
L1FLnI_6q11.1l::chr6:60986578-60995744(-)	1
L1FLnI_4q31.21d::chr4:140912162-140921675(+)	1
L1FLnI_15q25.3s::chr15:87256278-87266206(-)	2
L1FLnI_11p11.2s::chr11:48548988-48559035(-)	1
L1FLnI_12q13.2q::chr12:55480509-55490532(+)	1
L1FLnI_18p11.21e::chr18:11474842-11483371(-)	1
L1FLnI_3q28j::chr3:191072506-191083586(+)	1
L1FLnI_Xp11.21pc::chrX:57740505-57750763(+)	1
L1FLnI_Xq28aa::chrX:152304046-152313525(+)	1
L1FLnI_6q16.3c::chr6:100580087-100590236(-)	1
L1FLnI_12q23.1fa::chr12:100007260-100017302(+)	1
L1FLI_Xp11.23::chrX:47782657-47790701(-)	1
L1FLnI_17q22z::chr17:55998902-56009116(+)	1
L1FLnI_2q33.1w::chr2:201365814-201376274(+)	1
L1FLnI_8q24.22l::chr8:134670477-134680602(+)	1
L1FLnI_Xq21.1hf::chrX:85009865-85019042(-)	1
L1FLnI_10q25.1da::chr10:109542798-109552954(+)	1
L1FLnI_12q21.2l::chr12:77443847-77452920(+)	1
L1FLnI_13q14.2v::chr13:49152014-49162035(-)	1
L1FLnI_Xq25jb::chrX:127782255-127791357(-)	1
L1FLnI_3p14.1o::chr3:67150487-67160930(+)	1
L1FLnI_6p25.1i::chr6:6107125-6116010(-)	1
L1FLnI_9q21.12c::chr9:69473608-69483629(+)	2
L1FLnI_5q35.2j::chr5:176275947-176286084(-)	1
L1FLnI_6q14.1v::chr6:77730106-77740161(-)	1
L1FLnI_11q14.2b::chr11:86308072-86316573(-)	1
L1FLnI_3q13.11q::chr3:104631546-104641814(+)	1
L1FLnI_7q21.13v::chr7:90876290-90886547(+)	1
L1FLnI_3q28b::chr3:188422458-188431088(-)	1
L1FLnI_Xq27.1r::chrX:140267885-140276850(-)	1
L1FLnI_12q24.32d::chr12:127136791-127147267(-)	1
L1FLnI_1q24.3c::chr1:171370087-171380076(+)	1
L1FLnI_12p12.3m::chr12:17317469-17326502(-)	1
L1FLnI_18p11.31p::chr18:6160198-6170323(+)	1
L1FLnI_Xq27.1k::chrX:139432197-139442340(+)	1
L1FLnI_3p12.3u::chr3:77988082-77996817(-)	1
L1FLnI_9q31.2r::chr9:108370005-108379037(-)	1
L1FLnI_4p16.2d::chr4:5241075-5251220(-)	1
L1FLnI_Xq13.2ga::chrX:74040111-74050479(-)	1
L1FLnI_18p11.31f::chr18:4786917-4796267(+)	1
L1FLnI_8q24.12i::chr8:119455702-119465859(-)	1
L1FLnI_16q21ca::chr16:64501227-64511830(-)	1
L1FLnI_13q14.3v::chr13:54280881-54291256(-)	1
L1FLnI_Xq22.1ra::chrX:102229979-102240113(-)	2
L1ORF2_13q32.3::chr13:100697081-100705139(+)	8
L1FLnI_7q35i::chr7:145897313-145907002(-)	1
L1FLnI_11q14.3o::chr11:90264770-90274609(-)	1
L1FLnI_1q32.1e::chr1:199596074-199605299(+)	1
L1FLnI_1q31.1b::chr1:185886807-185896834(-)	1
L1FLnI_7q31.32j::chr7:123588839-123598623(-)	1
L1FLnI_3p24.3s::chr3:19684437-19693469(+)	1
L1FLnI_12p12.1r::chr12:22433083-22443171(+)	1
L1FLnI_12q21.1g::chr12:72640523-72649146(+)	1
L1FLnI_7q11.21o::chr7:64006761-64016044(-)	1
L1FLnI_Yp11.2vb::chrY:10219264-10229422(+)	3
L1FLnI_10q26.2h::chr10:126751129-126759919(-)	1
L1FLnI_Xp11.21yc::chrX:58015092-58024091(+)	2
L1FLnI_2q24.1s::chr2:156251019-156261032(+)	1
L1FLnI_3p21.31b::chr3:46144848-46153487(+)	1
L1FLnI_13q21.2m::chr13:60864558-60874252(-)	1
L1FLnI_3p24.3da::chr3:21011760-21021592(-)	1
L1FLnI_15q21.3da::chr15:56323927-56333130(+)	5
L1FLnI_4p15.2z::chr4:26969754-26979879(-)	1
L1FLnI_4q21.21u::chr4:81151698-81160621(+)	1
L1FLnI_1p31.1zb::chr1:80780066-80790163(+)	1
L1FLnI_1q31.2d::chr1:191123470-191132733(+)	1
L1FLnI_5q11.2x::chr5:53712204-53722665(+)	2
L1FLnI_6q24.2e::chr6:143349278-143358028(-)	1
L1FLnI_Xq28ra::chrX:155418475-155428612(+)	1
L1FLnI_2p13.1e::chr2:73717896-73728035(+)	1
L1FLnI_3q25.32q::chr3:158985108-158995530(-)	1
L1FLnI_3q23e::chr3:139410250-139418939(-)	1
L1FLnI_7q22.1c::chr7:102719056-102729251(+)	1
L1FLnI_14q24.2f::chr14:71852727-71862639(+)	1
L1FLnI_10q23.1ua::chr10:85461238-85470720(+)	1
L1FLnI_5q32g::chr5:145641012-145651497(-)	1
L1FLnI_3p12.2j::chr3:82739708-82749603(+)	1
L1FLnI_6q22.1ca::chr6:116635197-116645347(+)	1
L1FLnI_Xq11.1t::chrX:63525045-63533557(+)	1
L1FLnI_11p15.4p::chr11:5369846-5380000(+)	1
L1FLnI_Xq21.31ca::chrX:89273079-89283708(+)	1
L1FLnI_18p11.31e::chr18:4786915-4796267(+)	1
L1FLnI_2q14.3v::chr2:124404371-124414393(+)	1
L1FLnI_6q14.3t::chr6:85840946-85851094(-)	2
L1FLnI_6p12.1s::chr6:56111815-56121013(+)	1
L1FLnI_9p21.1o::chr9:31000950-31011437(+)	1
L1FLnI_7p14.3q::chr7:32697154-32707045(-)	1
L1FLnI_3p14.2d::chr3:58812779-58822804(+)	4
L1FLnI_12q13.11x::chr12:47634608-47643350(+)	1
L1FLnI_17q11.1f::chr17:27182529-27192580(-)	1
L1FLnI_Xq21.1eb::chrX:79205189-79215333(-)	1
L1FLnI_3p25.1c::chr3:13984641-13993213(-)	1
L1FLnI_6q11.1v::chr6:61720085-61728967(+)	1
L1FLnI_Xq13.1ka::chrX:72824715-72834905(-)	1
L1FLnI_Xq21.32n::chrX:94253622-94264496(+)	1
L1FLnI_8q12.3z::chr8:64236598-64246640(+)	1
L1FLnI_8p23.2b::chr8:2333119-2343215(+)	1
L1FLnI_Xq23i::chrX:110602329-110612351(+)	1
L1FLnI_Xp21.1g::chrX:34411691-34421662(+)	1
L1FLnI_3p14.2j::chr3:59347990-59356697(-)	1
L1FLnI_17q24.3h::chr17:71640111-71649440(+)	1
L1FLnI_10q25.3m::chr10:117078539-117088563(-)	2
L1FLnI_4q22.3n::chr4:96227023-96236485(+)	1
L1FLnI_8q24.13r::chr8:126195920-126206257(+)	1
L1FLnI_Yp11.2l::chrY:1643276-1653459(-)	1
L1FLnI_9p21.3s::chr9:23017160-23026643(-)	1
L1FLnI_1q31.1q::chr1:188765400-188775496(+)	1
L1FLnI_10q23.31z::chr10:90521826-90530869(-)	1
L1FLnI_4q13.3ab::chr4:75073743-75083889(-)	1
L1FLnI_8q24.12f::chr8:119283831-119293955(-)	1
L1FLnI_19q12l::chr19:29344850-29354973(+)	1
L1FLnI_11p12f::chr11:37940600-37950426(-)	1
L1FLnI_5p13.3k::chr5:30016768-30025893(+)	1
L1FLnI_21q22.2b::chr21:40029662-40039680(+)	1
L1FLnI_2p22.3q::chr2:35753832-35763400(-)	1
L1FLnI_1p13.3g::chr1:108357820-108367917(-)	1
L1FLnI_11q22.3g::chr11:104919705-104929963(-)	2
L1FLnI_3p21.2g::chr3:51195549-51205692(+)	1
L1FLnI_10q25.1f::chr10:105474334-105484675(-)	1
L1FLnI_8q22.3e::chr8:101667534-101677703(+)	2
L1FLnI_11p12wa::chr11:43206879-43216481(-)	1
L1FLnI_6q15m::chr6:90880682-90889830(-)	1
L1FLnI_10q25.1x::chr10:108989768-108998883(+)	1
L1FLnI_6q26e::chr6:162838093-162848120(-)	1
L1FLnI_6q12a::chr6:62934133-62942958(-)	1
L1FLnI_Xq25qb::chrX:128195437-128205507(+)	1
L1FLnI_4q13.1f::chr4:59474627-59483847(+)	1
L1FLnI_14q22.2c::chr14:54027199-54037329(-)	1
L1FLnI_Yp11.2ja::chrY:3986995-3996901(-)	4
L1FLnI_4q13.3n::chr4:71098036-71107425(+)	1
L1FLnI_2q32.3w::chr2:195067022-195077043(-)	1
L1FLnI_4q21.23d::chr4:83951689-83961705(-)	1
L1FLnI_21q22.11b::chr21:31813733-31823862(-)	1
L1FLnI_6q16.1n::chr6:94731753-94743177(+)	1
L1FLnI_4q32.1ca::chr4:159871905-159881880(-)	1
L1FLnI_3p24.3t::chr3:19845010-19853540(+)	1
L1FLnI_7p15.3g::chr7:23317559-23327574(+)	1
L1FLnI_12q24.22a::chr12:116753627-116764363(-)	1
L1FLnI_3p25.3a::chr3:8191624-8201392(-)	1
L1FLnI_3q12.2d::chr3:100596244-100604997(-)	1
L1FLnI_3p12.2a::chr3:80145844-80156220(-)	1
L1FLnI_2p25.2d::chr2:6326987-6336579(-)	1
L1FLnI_8q11.23j::chr8:53598787-53608168(+)	1
L1FLnI_13q31.1ia::chr13:84213697-84223132(+)	1
L1FLnI_10q24.31b::chr10:100402831-100412984(+)	1
L1FLnI_Yq11.223ua::chrY:23186526-23196409(-)	2
L1FLnI_3q12.1k::chr3:99585537-99595497(+)	1
L1FLnI_14q21.2n::chr14:44515970-44525298(-)	1
L1FLnI_1p31.1ob::chr1:79510775-79520780(-)	1
L1FLnI_Yp11.2k::chrY:1633669-1643806(+)	1
L1FLnI_Xq21.33m::chrX:95197271-95207127(-)	1
L1FLnI_1p21.3m::chr1:95968457-95978868(-)	1
L1FLnI_11q22.3w::chr11:107393153-107403373(+)	1
L1FLnI_12q14.1n::chr12:59386209-59396658(+)	1
L1FLnI_5p15.2n::chr5:12616891-12627378(-)	1
L1FLnI_11p12b::chr11:37204560-37215071(-)	2
L1FLnI_4p11h::chr4:49169334-49179464(-)	4
L1FLnI_9q21.32b::chr9:82236652-82246965(-)	1
L1FLnI_11p12pa::chr11:42428772-42438786(-)	1
L1FLnI_Xq21.33l::chrX:95191069-95200278(-)	1
L1FLnI_2p16.1z::chr2:58321842-58331763(+)	1
L1FLnI_9q13d::chr9:62821944-62831965(-)	1
L1FLnI_5q21.3c::chr5:105512737-105522774(-)	1
L1FLnI_5q35.2h::chr5:176048258-176058381(+)	1
L1FLnI_6q14.3u::chr6:85840978-85851094(-)	2
L1FLnI_14q12fb::chr14:32871104-32881194(-)	1
L1FLnI_13q22.2b::chr13:75240654-75250814(-)	1
L1FLnI_8q13.3r::chr8:71392814-71402909(-)	1
L1FLnI_11q14.3h::chr11:89312769-89322755(-)	2
L1FLnI_Xq13.3ab::chrX:76461351-76471308(-)	2
L1FLnI_6q22.31ma::chr6:124342339-124352113(-)	1
L1FLnI_Xq21.1le::chrX:83734490-83744509(+)	1
L1FLnI_6q25.3f::chr6:159284009-159294496(-)	1
L1FLnI_9q33.3g::chr9:126990165-126999662(+)	1
L1FLnI_2q34f::chr2:208757479-208766783(+)	1
L1FLnI_4q25ca::chr4:111333444-111343446(+)	1
L1FLnI_12p13.31e::chr12:7525451-7534418(+)	1
L1FLnI_11q22.1u::chr11:100282247-100292261(+)	1
L1FLnI_1p31.1cc::chr1:82130430-82140390(-)	1
L1FLnI_18q12.1v::chr18:33233112-33241929(+)	1
L1FLnI_5q11.2ra::chr5:58284562-58294684(+)	1
L1FLnI_4q26pa::chr4:118776616-118786742(-)	1
L1FLnI_14q11.2o::chr14:22345422-22355535(+)	1
L1FLnI_2p25.2c::chr2:6326965-6336579(-)	1
L1FLnI_Xq21.33ra::chrX:97917551-97927700(+)	1
L1FLnI_5q33.1q::chr5:152748176-152757743(+)	1
L1FLnI_7q31.31d::chr7:119107575-119119092(-)	1
L1FLnI_6q14.1ta::chr6:80412800-80423322(-)	2
L1FLnI_14q31.2b::chr14:83601726-83611827(-)	1
L1FLnI_8q22.1u::chr8:95868842-95878731(+)	1
L1FLnI_11p14.3b::chr11:22021490-22031595(+)	1
L1FLnI_5q15e::chr5:93390362-93399028(-)	1
L1FLnI_4q22.3r::chr4:96758219-96768620(-)	1
L1FLnI_8q13.2l::chr8:69015505-69025650(+)	1
L1FLnI_7q31.1ea::chr7:112640624-112649787(-)	1
L1FLnI_6q25.1f::chr6:152024659-152034801(+)	1
L1FLnI_7q31.1ia::chr7:113245468-113255324(+)	1
L1FLnI_7q21.11oa::chr7:85329217-85339239(-)	1
L1FLnI_22q11.22c::chr22:22328190-22337435(+)	1
L1FLnI_4q12x::chr4:53101387-53110541(+)	1
L1FLnI_4q21.1e::chr4:75431512-75442090(+)	1
L1FLnI_3q25.31c::chr3:155532357-155541893(+)	1
L1FLnI_15q14j::chr15:37398972-37408976(-)	1
L1FLnI_11q13.5e::chr11:76941423-76950679(-)	1
L1FLnI_13q11c::chr13:18499978-18510121(+)	2
L1FLnI_4q22.2i::chr4:93927258-93936713(-)	1
L1FLnI_Xq21.31p::chrX:88183444-88192516(+)	1
L1FLnI_9q21.32c::chr9:82238036-82246965(-)	1
L1FLnI_2q14.1v::chr2:117295813-117307100(+)	1
L1FLnI_3p11.1a::chr3:87879379-87888978(+)	1
L1FLnI_21q21.1v::chr21:17684807-17693460(-)	1
L1FLnI_13q33.1h::chr13:103258407-103267047(-)	1
L1FLnI_9q13a::chr9:61999883-62010004(+)	2
L1FLnI_5q11.2n::chr5:53137567-53147733(+)	1
L1FLnI_2q23.3k::chr2:151739868-151750010(+)	1
L1FLnI_4q32.1ma::chr4:160570533-160580585(+)	1
L1FLnI_6q21r::chr6:110458747-110467411(+)	1
L1FLnI_6q22.33m::chr6:128825963-128836146(+)	1
L1FLnI_12q21.2s::chr12:78339589-78349266(+)	1
L1FLnI_3q26.32c::chr3:176155577-176166396(+)	1
L1FLnI_Xq23j::chrX:110602329-110612368(+)	1
L1FLnI_4q24gb::chr4:106534617-106544746(-)	1
L1FLnI_21q21.1s::chr21:17323983-17334033(+)	1
L1FLnI_1p33da::chr1:49939764-49948451(+)	2
L1FLnI_2q34fa::chr2:211885037-211895071(+)	5
L1FLnI_6q14.2e::chr6:83627356-83637409(-)	1
L1FLnI_5q35.1f::chr5:170929928-170939908(-)	1
L1FLnI_2p23.1j::chr2:31707900-31716885(+)	1
L1FLnI_20p11.21m::chr20:23903854-23914551(-)	3
L1FLnI_2q34n::chr2:209125030-209135054(+)	1
L1FLnI_13q14.3o::chr13:52564352-52573806(-)	2
L1FLnI_5q23.2fa::chr5:125981900-125992620(-)	1
L1FLnI_13q31.1o::chr13:80513362-80523480(+)	1
L1FLnI_10q25.1l::chr10:106463735-106473804(+)	1
L1FLnI_Xq21.32l::chrX:93936242-93946400(+)	1
L1FLnI_1q21.2a::chr1:147851076-147860773(+)	1
L1FLnI_9p11.2f::chr9:41257615-41267636(-)	1
L1FLnI_16q21o::chr16:60519246-60529290(+)	1
L1FLnI_1q24.3d::chr1:171370087-171380097(+)	1
L1FLnI_13q31.1ba::chr13:82041850-82051880(+)	1
L1FLnI_3p24.1f::chr3:26872018-26881896(+)	1
L1FLnI_6p25.1e::chr6:4838475-4847881(-)	1
L1FLnI_6q16.2b::chr6:99197931-99207342(-)	1
L1FLnI_10q23.32c::chr10:91437592-91447174(-)	2
L1FLnI_Xq23fb::chrX:116155702-116165853(+)	1
L1FLnI_19q12c::chr19:28174083-28184146(+)	1
L1FLnI_1q31.1a::chr1:185886794-185896834(-)	1
L1FLnI_8q22.1d::chr8:93042948-93053476(-)	1
L1FLnI_2p25.3d::chr2:994170-1003384(+)	1
L1FLnI_Xq23ha::chrX:113084049-113094177(+)	1
L1FLnI_10q26.13i::chr10:125612785-125622113(-)	1
L1FLnI_12q13.11ca::chr12:48402677-48412817(-)	1
L1FLnI_7q22.1d::chr7:102719056-102729272(+)	1
L1FLnI_20p13k::chr20:4283221-4293381(-)	1
L1FLnI_6q14.1gb::chr6:80931242-80941236(-)	1
L1FLnI_10q11.21x::chr10:45262302-45272452(+)	1
L1FLnI_Yq11.222t::chrY:18162155-18172184(-)	2
L1FLnI_13q12.11a::chr13:18980271-18990360(+)	1
L1FLnI_11p14.3a::chr11:22015503-22025521(-)	1
L1FLnI_11p15.4a::chr11:3264656-3274407(-)	1
L1FLnI_10q26.2g::chr10:126749424-126759919(-)	1
L1FLnI_2q31.1l::chr2:172186765-172196914(-)	1
L1FLnI_6q11.1h::chr6:60616008-60626018(-)	1
L1FLnI_Yq11.21i::chrY:10994854-11004993(-)	1
L1FLnI_3q12.2c::chr3:100595100-100604997(-)	1
L1FLnI_5q14.3ma::chr5:89773960-89784466(+)	1
L1FLnI_Yq11.223ka::chrY:22584724-22594742(+)	2
L1FLnI_9p22.3r::chr9:16219584-16229954(+)	1
L1FLnI_8q24.23k::chr8:138112666-138122724(+)	1
L1FLnI_9q21.33j::chr9:86153589-86163607(+)	1
L1FLnI_4q22.1ca::chr4:91160266-91169568(-)	1
L1FLnI_6q24.1i::chr6:141341757-141351064(-)	1
L1FLnI_5q13.3i::chr5:75692199-75702255(+)	1
L1FLnI_1p21.1k::chr1:104005634-104015236(-)	1
L1FLnI_2q31.1k::chr2:172186748-172196914(-)	1
L1FLnI_12p12.3fa::chr12:19728203-19738344(-)	1
L1FLnI_Xq22.3e::chrX:104903802-104913878(-)	1
L1FLnI_15q13.2b::chr15:30340697-30350857(-)	1
L1FLnI_Xq22.2f::chrX:103949427-103958338(+)	1
L1FLnI_Yp11.2e::chrY:1204789-1215634(-)	1
L1FLnI_3q26.1y::chr3:166129279-166140750(-)	1
L1FLnI_20q12i::chr20:42814181-42824006(+)	1
L1FLnI_Yp11.2sa::chrY:4467581-4477534(-)	1
L1FLnI_11p13l::chr11:32940737-32950756(-)	1
L1FLnI_Xq25vb::chrX:128515790-128524781(+)	1
L1FLnI_5q35.1j::chr5:171097145-171107523(-)	1
L1FLnI_1q42.3d::chr1:236185857-236196292(-)	1
L1FLnI_Xq25bc::chrX:128771934-128783593(-)	1
L1FLnI_1q31.1ba::chr1:190628107-190639313(-)	1
L1FLnI_3p25.3b::chr3:8191625-8201392(-)	1
L1FLnI_11q24.2h::chr11:125814152-125824601(+)	1
L1FLnI_7q35h::chr7:145895494-145907002(-)	1
L1FLnI_4q24da::chr4:104249088-104257770(+)	1
L1FLnI_18p11.21f::chr18:12160900-12170226(-)	1
L1FLnI_2q14.3ca::chr2:125031358-125040660(-)	1
L1FLnI_Xq27.2i::chrX:142334624-142344650(+)	7
L1FLnI_Xq21.1df::chrX:84675229-84685237(-)	2
L1FLnI_10q23.1x::chr10:83105968-83115417(+)	1
L1FLnI_7p12.2d::chr7:49646239-49656373(+)	1
L1FLnI_3q11.2o::chr3:95220703-95229874(-)	1
L1FLnI_Xq21.31ta::chrX:90842319-90852503(-)	1
L1FLnI_1q25.2v::chr1:179690554-179700929(+)	1
L1FLnI_5q14.3h::chr5:85551479-85562854(+)	1
L1FLnI_3q13.11l::chr3:104312624-104322463(+)	1
L1FLnI_11q22.1ga::chr11:101291280-101301815(-)	1
L1FLnI_Xq21.1ga::chrX:78288471-78298619(-)	1
L1FLnI_4p15.32d::chr4:15275167-15285152(+)	1
L1FLnI_4q24fb::chr4:106534601-106544746(-)	1
L1FLnI_20p12.1j::chr20:13374586-13385027(-)	1
L1FLnI_Yq11.21h::chrY:10988725-10998754(-)	1
L1FLnI_8q21.2i::chr8:84076304-84086501(-)	1
L1FLnI_2p13.3a::chr2:68401409-68411839(+)	1
L1FLnI_2p12na::chr2:81027145-81036894(-)	2
L1FLnI_18p11.32a::chr18:32308-42323(+)	1
L1FLnI_Xq23e::chrX:109894954-109905128(-)	1
L1FLI_13q14.11b::chr13:42423879-42431926(+)	9
L1FLnI_6q22.1ea::chr6:117171893-117181498(+)	1
L1FLnI_9q21.32n::chr9:83550225-83559650(-)	1
L1FLnI_8q21.13s::chr8:77544476-77555249(-)	1
L1FLnI_3p14.2t::chr3:61204327-61214455(-)	1
L1FLnI_Xq11.2sa::chrX:65335629-65346208(+)	1
L1FLnI_8p21.2d::chr8:24448173-24458309(-)	1
L1FLnI_14q12pa::chr14:30470545-30480562(+)	1
L1FLnI_2q32.1ba::chr2:185861098-185871119(+)	1
L1FLnI_10q21.2a::chr10:59407828-59417956(-)	1
L1FLnI_12q23.1x::chr12:99480542-99490747(-)	1
L1FLnI_3q28k::chr3:191072506-191081086(+)	1
L1FLnI_2p24.1r::chr2:22145194-22154188(-)	2
L1FLnI_4q26ka::chr4:118125668-118137160(-)	1
L1FLnI_Xq26.2s::chrX:133107881-133117055(+)	1
L1FLnI_17q22i::chr17:54066974-54077059(-)	1
L1FLnI_Xq25a::chrX:121803121-121812960(-)	2
L1FLnI_8p12r::chr8:33874693-33883577(-)	1
L1FLnI_14q23.1v::chr14:60378130-60388304(+)	1
L1FLnI_12q21.32o::chr12:87198552-87207549(+)	1
L1FLnI_17q11.1a::chr17:26732275-26742356(+)	2
L1FLnI_3p13c::chr3:70444524-70453887(-)	1
L1FLnI_2q14.1x::chr2:117355798-117364472(+)	1
L1FLnI_Xq27.3y::chrX:146452951-146462101(+)	1
L1FLnI_3p22.3x::chr3:35476890-35486760(-)	1
L1FLnI_13q31.1d::chr13:79296567-79306564(+)	1
L1FLnI_13q32.1b::chr13:95086605-95096190(+)	1
L1FLnI_1p33i::chr1:48140417-48149370(+)	1
L1FLnI_5q11.2k::chr5:52970165-52980301(-)	1
L1FLnI_Xq13.1la::chrX:72885931-72896121(+)	1
L1FLnI_10q25.1q::chr10:108209320-108219447(-)	1
L1FLnI_5p15.1r::chr5:18115484-18125950(+)	1
L1FLnI_Xq13.3ya::chrX:76375917-76386328(+)	1
L1FLnI_Yp11.2ra::chrY:4408040-4418139(-)	1
L1FLnI_8p12q::chr8:33874693-33885243(-)	1
L1FLnI_5q34w::chr5:163116346-163126478(-)	1
L1FLnI_3q25.32p::chr3:158985104-158995530(-)	1
L1FLnI_Xq27.1w::chrX:141040811-141050737(+)	1
L1FLnI_22p11.2k::chr22:12105343-12115471(-)	1
L1FLnI_1p32.2d::chr1:58268514-58278532(-)	1
L1FLnI_10p13h::chr10:16553205-16563193(-)	1
L1FLnI_6q16.3n::chr6:102152392-102161302(+)	1
L1FLnI_7q31.2b::chr7:115024615-115034615(-)	1
L1FLnI_12q21.32y::chr12:88390524-88399276(+)	1
L1FLnI_10p12.31o::chr10:20525195-20535346(-)	1
L1FLnI_Yq11.221qa::chrY:15229472-15238425(-)	1
L1FLnI_8q12.3r::chr8:63504269-63514392(-)	1
L1FLnI_13q21.1u::chr13:58176467-58185432(-)	1
L1FLnI_Xq11.2g::chrX:64081897-64092253(+)	1
L1FLnI_4q13.2k::chr4:67173543-67183558(+)	3
L1FLnI_12q21.32j::chr12:87094907-87104965(+)	1
L1FLnI_13q14.11p::chr13:43617418-43627249(-)	2
L1FLnI_1p21.2o::chr1:101406737-101415459(+)	1
L1FLnI_5p14.1q::chr5:28571586-28582017(+)	1
L1FLnI_2q22.3k::chr2:146402242-146411841(+)	1
L1FLnI_1p22.2g::chr1:89129999-89139588(+)	3
L1FLnI_5q14.3jb::chr5:92192974-92202995(-)	1
L1FLnI_Xq21.1ha::chrX:78294622-78304133(-)	1
L1FLnI_Xq12ia::chrX:67064167-67074513(+)	2
L1FLnI_Xq11.2m::chrX:64296083-64306091(-)	1
L1FLnI_11p11.2l::chr11:48288936-48298311(+)	2
L1FLnI_Xq21.1hd::chrX:82057254-82066738(+)	1
L1FLnI_4q13.1h::chr4:59652174-59662535(+)	1
L1FLnI_2p16.1c::chr2:55735830-55745893(-)	1
L1FLnI_Xq21.1bb::chrX:79007787-79017378(-)	1
L1FLnI_21p12b::chr21:5740094-5749182(-)	4
L1FLnI_Xq12s::chrX:66549990-66560284(+)	1
L1FLnI_3q13.33ca::chr3:122041412-122051438(-)	1
L1FLnI_14q21.3t::chr14:49059008-49068430(+)	1
L1FLnI_6q14.1qb::chr6:82103807-82112971(+)	1
L1FLnI_2q12.1m::chr2:103826492-103835449(-)	1
L1FLnI_Xq25gc::chrX:129205461-129214772(-)	1
L1FLnI_1p12v::chr1:119400862-119410006(+)	1
L1FLnI_18q23g::chr18:77574256-77584381(+)	1
L1FLnI_4q32.3g::chr4:164347250-164357276(+)	3
L1FLnI_Xq13.3ua::chrX:76261286-76270898(-)	2
L1FLnI_Xq25ub::chrX:128379905-128390091(+)	1
L1FLnI_3q26.33c::chr3:180363854-180372604(+)	1
L1FLnI_4q12w::chr4:53101387-53111848(+)	1
L1FLnI_11q21h::chr11:94093517-94103660(-)	1
L1FLnI_1p21.1l::chr1:104005646-104015236(-)	1
L1FLnI_Xq21.1d::chrX:76975112-76985265(+)	1
L1FLnI_14q13.3c::chr14:36181055-36191194(+)	1
L1FLnI_5q35.3a::chr5:177750351-177760469(+)	2
L1FLnI_10q23.1y::chr10:83313236-83324914(+)	1
L1FLnI_2p14c::chr2:64887527-64897575(+)	1
L1FLnI_6p25.3a::chr6:92615-103039(+)	8
L1FLnI_10q25.1p::chr10:108209315-108219447(-)	1
L1FLnI_16q22.2b::chr16:70910287-70920173(-)	3
L1FLnI_Xq13.2ha::chrX:74071490-74082010(-)	1
L1FLnI_3p14.2ba::chr3:63252113-63262211(+)	1
L1FLnI_18p11.31c::chr18:4471646-4480824(-)	1
L1FLnI_11q14.2aa::chr11:88264448-88273953(+)	1
L1FLnI_4q22.1f::chr4:87813535-87823790(-)	1
L1FLnI_9p23p::chr9:12033302-12042455(+)	1
L1FLnI_5q13.1l::chr5:68057773-68066333(+)	1
L1FLnI_4q26fa::chr4:117918484-117928496(+)	1
L1FLnI_2q22.3i::chr2:146294564-146304655(+)	1
L1FLnI_12p11.1d::chr12:33328434-33338384(+)	1
L1FLnI_Xp11.22t::chrX:52019932-52030084(-)	1
L1FLnI_11q22.1v::chr11:100282247-100292251(+)	1
L1FLnI_2q34v::chr2:209745681-209755708(-)	1
L1FLnI_7q31.1s::chr7:110036855-110047622(-)	1
L1FLnI_4q32.1da::chr4:159871905-159881458(-)	1
L1FLnI_5p13.2c::chr5:34327194-34336967(-)	3
L1FLnI_3p26.1z::chr3:7329296-7338615(+)	1
L1FLnI_Xq21.1s::chrX:77330459-77340598(+)	1
L1FLnI_9p24.3a::chr9:136149-146212(+)	4
L1FLnI_7q11.23c::chr7:76812051-76820700(-)	2
L1FLnI_2q24.2l::chr2:160793833-160803979(+)	1
L1FLnI_9p22.1d::chr9:18707734-18717730(+)	1
L1FLnI_3q26.33m::chr3:182149922-182160670(-)	1
L1FLnI_4p15.2aa::chr4:26969755-26979879(-)	1
L1FLnI_10q22.3a::chr10:76142193-76152337(-)	1
L1FLnI_6q24.2l::chr6:144669491-144678054(-)	1
L1FLnI_Xp11.21ta::chrX:56433159-56442649(+)	2
L1FLnI_14q12h::chr14:25315690-25326669(-)	1
L1FLnI_14q23.1u::chr14:60378130-60388284(+)	1
L1FLnI_Yq11.223z::chrY:21720430-21729187(+)	1
L1FLnI_8q21.3i::chr8:87621331-87631333(+)	1
L1FLnI_1p32.3a::chr1:50357155-50366078(+)	1
L1FLnI_1p31.1f::chr1:69904775-69914848(-)	1
L1FLnI_10p11.22l::chr10:32548146-32558225(-)	1
L1FLnI_Xq26.3e::chrX:135257340-135267451(-)	3
L1FLnI_7p21.2h::chr7:15276041-15287730(+)	1
L1FLnI_1q42.12g::chr1:225107973-225118560(-)	1
L1FLnI_12p13.2g::chr12:11286737-11296861(+)	1
L1FLnI_Xq11.2ta::chrX:65343212-65352980(+)	1
L1FLnI_4q33o::chr4:170985376-170995752(-)	1
L1FLnI_4q33b::chr4:169314646-169324361(+)	1
L1FLnI_2q24.2j::chr2:160763000-160773115(+)	1
L1FLnI_5q15j::chr5:93758023-93767699(+)	1
L1FLnI_17q22h::chr17:54066949-54077059(-)	1
L1FLnI_2p16.1d::chr2:55735862-55745893(-)	1
L1FLnI_4p16.1b::chr4:7403597-7413411(-)	1
L1FLnI_7q21.13i::chr7:89692385-89701712(+)	1
L1FLnI_11q22.3i::chr11:104923276-104933684(+)	2
L1FLnI_7q31.1f::chr7:108924533-108933724(-)	1
L1FLnI_11p15.4s::chr11:5473999-5484037(+)	1
L1FLnI_Xq21.2e::chrX:85525714-85535730(+)	1
L1FLnI_18q21.2j::chr18:53507951-53517943(+)	1
L1FLnI_Xp11.21ja::chrX:56177711-56187097(-)	2
L1FLnI_Yq11.223s::chrY:21278669-21288874(+)	1
L1FLnI_Xq21.1qd::chrX:82546013-82556072(-)	1
L1FLnI_12p13.2b::chr12:10343959-10353353(-)	1
L1FLnI_Xq21.33da::chrX:96337403-96347280(-)	2
L1FLnI_14q12db::chr14:32738740-32747792(-)	1
L1FLnI_1p22.3f::chr1:85824441-85834444(-)	1
L1FLnI_9p23g::chr9:10669925-10679342(-)	1
L1FLnI_7p14.1s::chr7:42440924-42451032(-)	1
L1FLnI_13q22.1g::chr13:74532949-74542856(+)	1
L1FLnI_4q12aa::chr4:53237379-53248077(+)	1
L1FLnI_2q14.1z::chr2:117521896-117530828(+)	8
L1FLnI_2p11.2f::chr2:84101158-84110692(+)	1
L1FLnI_5q23.3r::chr5:130728595-130738627(+)	1
L1FLnI_9p23o::chr9:12032144-12042455(+)	1
L1FLnI_7p14.1g::chr7:38043956-38053103(-)	1
L1FLnI_7p15.3o::chr7:24995780-25005913(-)	1
L1FLnI_10q25.1k::chr10:106463735-106473815(+)	1
L1FLnI_4q21.21v::chr4:81151698-81160644(+)	1
L1FLnI_6q16.3m::chr6:102149601-102161302(+)	1
L1FLnI_7p12.1w::chr7:53866582-53875615(+)	1
L1FLnI_2q31.2o::chr2:179208524-179218640(+)	1
L1FLnI_2p24.3j::chr2:13741381-13750383(+)	6
L1FLnI_18p11.31n::chr18:6062839-6073273(-)	1
L1FLnI_2p16.3l::chr2:49308682-49318107(+)	1
L1FLnI_2p25.1c::chr2:9034832-9044982(+)	1
L1FLnI_Xp21.3q::chrX:27755086-27765233(+)	1
L1FLnI_Yq11.221nb::chrY:17016649-17026618(+)	1
L1FLnI_Yq11.221eb::chrY:16591305-16601333(-)	2
L1FLnI_13q13.3w::chr13:39113662-39122674(-)	1
L1FLnI_2q24.2o::chr2:160850220-160860248(-)	6
L1FLnI_8q13.2g::chr8:68456301-68466440(+)	1
L1FLnI_Xq13.1i::chrX:69458028-69467455(-)	1
L1FLnI_3p14.2ga::chr3:63729813-63739837(+)	1
L1FLnI_Xq21.33ha::chrX:96581128-96590594(+)	1
L1FLnI_15q25.2c::chr15:81674663-81683817(+)	1
L1ORF2_8q24.22::chr8:131769900-131777944(+)	1
L1FLnI_4p15.32g::chr4:16366800-16376341(-)	1
L1FLnI_2q34ga::chr2:212051325-212061469(+)	1
L1FLnI_9p13.1c::chr9:38988233-38997989(-)	2
L1FLnI_5q13.1f::chr5:67748902-67757557(+)	1
L1FLnI_11q21ga::chr11:97275495-97285642(+)	1
L1FLnI_2q36.3c::chr2:225820776-225831244(+)	1
L1FLnI_4q31.21aa::chr4:143136566-143147010(+)	1
L1FLnI_2p24.1q::chr2:21902820-21912844(-)	1
L1FLnI_3q25.31g::chr3:156063511-156073133(-)	1
L1FLnI_5q21.3a::chr5:105194998-105204452(+)	1
L1FLnI_8q24.12g::chr8:119288621-119298687(+)	1
L1FLnI_20p11.21k::chr20:23896351-23906506(-)	1
L1FLnI_12q14.1t::chr12:59924144-59934100(+)	1
L1FLnI_10q21.3w::chr10:66582832-66591953(-)	1
L1FLnI_3q13.31c::chr3:115311796-115321970(-)	1
L1FLnI_Xq22.3da::chrX:107360837-107370865(+)	1
L1FLnI_Xp11.3u::chrX:44982915-44993048(-)	1
L1FLnI_3q13.13fa::chr3:111294954-111304144(-)	1
L1FLnI_11p13v::chr11:35087576-35097286(+)	1
L1FLnI_4p16.1g::chr4:10847621-10858405(-)	1
L1FLnI_5q15i::chr5:93751882-93761565(+)	1
L1FLnI_8q13.1e::chr8:65887229-65896233(+)	1
L1FLnI_Xq22.3q::chrX:106134803-106144726(+)	1
L1FLnI_6q15s::chr6:92483758-92492841(-)	1
L1FLnI_4q25qa::chr4:112571791-112581969(+)	1
L1FLnI_5q33.3e::chr5:156779331-156789442(+)	1
L1FLnI_3q13.31f::chr3:115452677-115462135(-)	1
L1FLnI_12p12.3l::chr12:17316822-17326502(-)	1
L1FLnI_4q33a::chr4:169314646-169324347(+)	1
L1FLnI_2p23.1k::chr2:31714094-31724343(+)	1
L1FLnI_Xq21.1rc::chrX:81310269-81320439(-)	1
L1FLnI_Xq21.1e::chrX:76975112-76985281(+)	1
L1FLnI_2q33.1d::chr2:197634236-197644261(-)	1
L1FLnI_5q15x::chr5:96545927-96555739(+)	1
L1FLnI_Xq27.2e::chrX:141947042-141957007(-)	1
L1FLnI_6q22.1pa::chr6:117804591-117814941(-)	1
L1FLnI_5q31.1n::chr5:133132613-133141136(-)	1
L1FLnI_Xq12i::chrX:66339914-66348604(-)	2
L1FLnI_Xp11.21xc::chrX:58008744-58018022(-)	2
L1FLnI_4q27n::chr4:121412791-121423144(-)	2
L1FLnI_7p21.3h::chr7:8732391-8743110(-)	1
L1FLnI_3q12.1b::chr3:98678488-98688511(+)	1
L1FLnI_18p11.21j::chr18:13078137-13088261(-)	1
L1FLnI_7q36.1c::chr7:150113286-150122758(+)	3
L1FLnI_3p14.1v::chr3:68386070-68396448(+)	1
L1FLnI_10q23.33t::chr10:95143886-95154041(+)	1
L1FLnI_14q11.2b::chr14:18563789-18573144(+)	1
L1FLnI_7q21.11ja::chr7:84552446-84562185(+)	1
L1FLnI_15q21.2d::chr15:49401767-49411036(-)	1
L1FLnI_10q23.1r::chr10:81762741-81771837(-)	2
L1FLnI_8q23.3ca::chr8:116387230-116397373(+)	1
L1FLnI_3q12.1l::chr3:99585537-99595489(+)	1
L1FLnI_7q31.33k::chr7:124978970-124988990(-)	1
L1FLnI_6q22.31ca::chr6:122944736-122953926(+)	2
L1FLnI_14q22.1d::chr14:52154274-52164365(+)	1
L1FLnI_4q26r::chr4:115830464-115840891(+)	1
L1FLnI_1p31.1da::chr1:74873621-74883642(+)	1
L1FLnI_Yq11.221fb::chrY:16598843-16608999(-)	2
L1FLnI_11p12c::chr11:37211080-37219818(-)	2
L1FLnI_10q23.1ma::chr10:84756379-84766382(-)	1
L1FLnI_2q22.1x::chr2:139966550-139976069(+)	1
L1FLnI_2p21e::chr2:45059060-45069087(-)	1
L1FLnI_11q12.1u::chr11:58870794-58880922(-)	1
L1FLnI_7p21.1t::chr7:19877182-19887294(-)	1
L1FLnI_Xq21.1v::chrX:77380473-77389388(+)	4
L1FLnI_5q11.2z::chr5:53735607-53745165(+)	1
L1FLnI_2q13c::chr2:110103769-110113655(+)	1
L1FLnI_5q14.3ob::chr5:92433284-92442446(+)	1
L1FLnI_18q21.32g::chr18:60327805-60337610(+)	1
L1FLnI_4q33k::chr4:170504555-170514694(-)	1
L1FLnI_18q21.31b::chr18:56522070-56532197(+)	1
L1FLnI_5p13.2ga::chr5:37685214-37695340(+)	2
L1FLnI_16p12.3f::chr16:17902926-17913093(+)	1
L1FLnI_5q23.2q::chr5:123674087-123684205(-)	1
L1FLnI_16q12.2b::chr16:53343932-53354017(-)	1
L1FLnI_18q12.1b::chr18:27506509-27516539(+)	1
L1FLnI_Yp11.2ob::chrY:9350003-9360023(+)	1
L1FLnI_20p11.21l::chr20:23896352-23906506(-)	1
L1FLnI_9p23s::chr9:12309012-12319466(-)	1
L1FLnI_8q21.13ja::chr8:80000021-80009935(+)	1
L1FLnI_Xp11.21g::chrX:55060951-55069577(-)	1
L1FLnI_3q13.11r::chr3:104633051-104641814(+)	1
L1FLnI_Yq11.223ja::chrY:22584724-22594749(+)	2
L1FLnI_5q35.1c::chr5:170239277-170249295(-)	1
L1FLnI_4q32.3l::chr4:164619235-164629907(+)	1
L1FLnI_16p11.2m::chr16:31934058-31944205(+)	1
L1FLnI_20q12j::chr20:42814856-42824006(+)	1
L1FLnI_Xq26.2j::chrX:132129311-132139280(+)	1
L1FLnI_2p24.2h::chr2:18138585-18148785(-)	1
L1FLnI_12q21.2g::chr12:76316125-76326226(+)	1
L1FLnI_8q13.2c::chr8:67589402-67599536(-)	1
L1FLnI_13q31.1ja::chr13:84213697-84222740(+)	1
L1FLnI_Yq11.222y::chrY:18341557-18351663(-)	1
L1FLnI_7q36.1e::chr7:150539456-150549295(+)	1
L1FLnI_Xq21.33ia::chrX:96581128-96590584(+)	1
L1FLnI_9q21.33h::chr9:85447648-85456378(-)	1
L1FLnI_2q36.3p::chr2:228228526-228238015(-)	1
L1FLnI_9q21.11e::chr9:67144723-67153672(-)	1
L1FLnI_10q23.33f::chr10:94633847-94644286(-)	1
L1FLnI_5q15b::chr5:93209646-93219676(+)	1
L1FLnI_18q12.1g::chr18:28236944-28246940(+)	1
L1FLnI_1p21.1x::chr1:105878335-105888655(-)	1
L1FLnI_4q24z::chr4:103825941-103835475(-)	1
L1FLnI_3p22.3q::chr3:35084805-35094862(+)	1
L1FLnI_Xq22.1h::chrX:99269692-99281234(+)	2
L1FLnI_21q21.1j::chr21:16937524-16946192(-)	2
L1FLnI_5q22.3s::chr5:115113814-115123917(+)	1
L1FLnI_1p32.3e::chr1:51383141-51391982(+)	1
L1FLnI_Xp11.21wc::chrX:58008072-58018022(-)	2
L1FLnI_Xq22.1aa::chrX:100251987-100262133(+)	1
L1FLnI_11q25h::chr11:132475522-132485581(+)	1
L1FLnI_10q26.2k::chr10:126786659-126795341(+)	1
L1ORF2_8p23.2b::chr8:2412731-2420780(+)	1
L1FLnI_11p15.4g::chr11:4297774-4306651(-)	2
L1FLnI_11q11e::chr11:54708075-54718207(-)	1
L1FLnI_2p11.2i::chr2:84258880-84269003(+)	1
L1FLnI_7p14.3g::chr7:31139005-31147667(-)	1
L1FLnI_Xq22.2i::chrX:104080525-104090120(-)	1
L1FLnI_5p15.1s::chr5:18116670-18125950(+)	1
L1FLnI_4q31.3e::chr4:153100971-153111447(-)	1
L1FLnI_3q12.3c::chr3:101904943-101915339(-)	1
L1FLnI_6q22.32e::chr6:126555550-126565072(+)	1
L1FLnI_Xq21.1tc::chrX:81333212-81342202(-)	2
L1FLnI_7q21.3r::chr7:96756032-96765585(-)	1
L1FLnI_2p25.2a::chr2:4639469-4649465(+)	2
L1FLnI_5p13.2d::chr5:34327899-34336967(-)	3
L1FLnI_15q14t::chr15:38773120-38783212(-)	1
L1FLnI_14q24.2e::chr14:71842465-71852496(-)	1
L1FLnI_Xp11.21kc::chrX:57620070-57629880(+)	1
L1FLnI_3p14.3g::chr3:55216312-55225687(-)	1
L1FLnI_8q21.13ya::chr8:82932928-82941701(+)	1
L1FLnI_5q23.2o::chr5:123625935-123635329(+)	1
L1FLnI_Xq27.3x::chrX:146451367-146462101(+)	1
L1FLnI_3p26.1d::chr3:4249749-4259776(+)	1
L1FLnI_12p12.3d::chr12:15060285-15069734(-)	1
L1FLnI_9p12a::chr9:39270896-39280454(+)	1
L1FLnI_4q25r::chr4:110321336-110331453(-)	1
L1FLnI_6q22.31b::chr6:118417532-118427304(+)	1
L1FLnI_2q34e::chr2:208757479-208766784(+)	1
L1FLnI_2p11.2b::chr2:83413487-83423423(+)	1
L1FLnI_6p21.1j::chr6:45172562-45182402(+)	1
L1FLnI_Xq26.1b::chrX:129853151-129862860(-)	1
L1FLnI_5q33.3g::chr5:156980646-156989377(+)	1
L1FLnI_10q26.11c::chr10:118652556-118663071(-)	2
L1FLnI_12q15o::chr12:71094874-71104141(+)	1
L1FLnI_3q26.31l::chr3:175781211-175791237(-)	1
L1FLnI_8p21.2k::chr8:25765195-25775303(+)	1
L1FLnI_Xq12cb::chrX:67883465-67893592(-)	1
L1FLnI_3q26.33b::chr3:180363854-180374022(+)	1
L1FLnI_4q26ga::chr4:117918484-117928486(+)	1
L1FLnI_9p21.1c::chr9:28635313-28644542(-)	1
L1FLnI_19p13.3::chr19:142977-153399(+)	8
L1FLnI_10q21.3o::chr10:66157035-66167143(-)	1
L1FLnI_7p12.1x::chr7:53866582-53875381(+)	1
L1FLnI_10q25.3i::chr10:115575159-115585012(-)	1
L1FLnI_11q12.3l::chr11:63317433-63327104(+)	2
L1FLnI_Xp21.1f::chrX:34411691-34421672(+)	1
L1FLnI_8p21.2o::chr8:26934455-26944587(-)	1
L1FLnI_11p14.1a::chr11:27216204-27226232(+)	1
L1FLnI_1q32.1i::chr1:200181868-200192019(+)	1
L1FLnI_7p12.2c::chr7:49646239-49656389(+)	1
L1FLnI_5q21.3b::chr5:105194998-105204442(+)	1
L1FLnI_2q37.1b::chr2:230259198-230269345(-)	1
L1FLnI_1p22.3e::chr1:85824428-85834444(-)	1
L1FLnI_11q24.3o::chr11:129555138-129563850(+)	1
L1FLnI_13q12.11j::chr13:21861410-21870625(-)	1
L1FLnI_7q31.1va::chr7:114875710-114884506(-)	1
L1FLnI_5p14.3j::chr5:20868737-20878520(+)	3
L1FLnI_4q13.1ra::chr4:63094946-63103581(+)	1
L1FLnI_1p13.2l::chr1:113625717-113634919(-)	1
L1FLnI_1q23.3o::chr1:164067610-164077209(-)	1
L1FLnI_1q43j::chr1:240894788-240904900(-)	1
L1FLnI_3q12.3d::chr3:101904943-101914144(-)	1
L1FLnI_Xq13.2ba::chrX:73698456-73708045(+)	1
L1FLnI_11q24.3i::chr11:129152275-129162805(+)	1
L1FLnI_12q24.12b::chr12:111828679-111838815(-)	1
L1FLnI_Xq13.2x::chrX:73643608-73653861(+)	1
L1FLnI_10p12.31v::chr10:22085778-22095965(+)	1
L1FLnI_14q31.3d::chr14:84659682-84669887(-)	1
L1FLnI_3q11.2f::chr3:94638969-94647698(-)	1
L1FLnI_1q32.3b::chr1:211449902-211460010(+)	1
L1FLnI_12q12na::chr12:42720034-42729250(-)	1
L1FLnI_Xq25y::chrX:125532133-125542284(+)	1
L1FLnI_11p13s::chr11:34759711-34768440(-)	1
L1FLnI_Xq12k::chrX:66343786-66352629(+)	2
L1FLnI_11q22.1y::chr11:100448359-100458387(+)	1
L1FLnI_1q23.1h::chr1:157807667-157817284(+)	1
L1FLnI_3q28n::chr3:191830676-191841150(+)	1
L1FLnI_Yq11.222k::chrY:17832883-17842955(-)	1
L1FLnI_4q31.21fa::chr4:143658615-143668740(-)	1
L1FLnI_Xq12ba::chrX:66924355-66934374(-)	1
L1FLnI_12q21.2d::chr12:75607636-75616850(+)	1
L1FLnI_6q22.31g::chr6:119414173-119424579(+)	1
L1FLnI_3q22.1ca::chr3:133723159-133733311(-)	1
L1FLnI_Xp22.33b::chrX:3055821-3065946(+)	1
L1FLnI_5p14.1r::chr5:28572560-28582017(+)	1
L1FLnI_10q21.3l::chr10:65514258-65524098(-)	1
L1FLnI_16p11.2n::chr16:31934058-31944226(+)	1
L1FLnI_18q12.2n::chr18:37071386-37080013(+)	1
L1FLnI_1p31.1nb::chr1:79510762-79520780(-)	1
L1FLnI_5q35.3f::chr5:180879907-180890052(-)	1
L1FLnI_1p36.21b::chr1:14354928-14365340(-)	1
L1FLnI_13q31.1q::chr13:80658840-80667789(-)	1
L1FLnI_4q31.1c::chr4:138779171-138789200(-)	1
L1FLnI_11q14.2a::chr11:86308060-86316573(-)	1
L1FLnI_9p21.3f::chr9:21533198-21542448(+)	4
L1FLnI_12q23.1p::chr12:98198183-98207771(+)	1
L1FLnI_Xq25ca::chrX:125625549-125634962(+)	1
L1FLnI_2q32.1t::chr2:184920991-184932624(-)	1
L1FLnI_14q21.1z::chr14:39583765-39593791(-)	1
L1FLnI_6q23.3m::chr6:137885192-137894944(-)	1
L1ORF2_12q21.2::chr12:77172368-77180426(-)	7
L1FLnI_1p31.1cb::chr1:78253477-78263147(+)	1
L1FLnI_5q11.2u::chr5:53699686-53709813(-)	1
L1FLnI_6q25.3k::chr6:159700641-159710761(+)	1
L1FLnI_19q12j::chr19:29249160-29259125(-)	1
L1FLnI_10q23.1ja::chr10:84644891-84655053(-)	1
L1FLnI_15q21.3ha::chr15:56564589-56574908(+)	1
L1FLnI_14q21.1ga::chr14:40322708-40332719(+)	1
L1FLnI_5q13.2i::chr5:73203266-73213699(+)	1
L1FLnI_20q13.2d::chr20:53469145-53479179(+)	1
L1FLnI_Xq21.1me::chrX:83735452-83744509(+)	1
L1FLnI_3p14.1t::chr3:68075817-68085839(-)	1
L1FLnI_5q35.3b::chr5:177785699-177795816(-)	1
L1FLnI_8q11.23r::chr8:54580505-54590642(-)	1
L1FLnI_1q32.2q::chr1:210922766-210932167(+)	1
L1FLnI_14q21.1d::chr14:37949795-37959959(-)	1
L1FLnI_16q23.1d::chr16:75827639-75836706(-)	1
L1FLnI_7p14.1p::chr7:40954097-40963630(-)	1
L1FLnI_Xq22.3ha::chrX:107884622-107894764(-)	1
L1FLnI_12q12xa::chr12:44737818-44747954(+)	1
L1FLnI_7q11.21s::chr7:65463957-65474084(-)	1
L1FLnI_4q26ra::chr4:119070139-119080286(+)	1
L1FLnI_9q21.12j::chr9:70236812-70246971(+)	1
L1FLnI_6q22.31sa::chr6:124801003-124811136(+)	1
L1FLnI_2q32.3q::chr2:194024832-194035550(+)	1
L1FLnI_11p14.1k::chr11:28786893-28797242(-)	1
L1FLnI_1q42.12j::chr1:225211407-225221517(-)	1
L1FLnI_13q14.11f::chr13:40825320-40835326(+)	1
L1FLnI_8q24.13q::chr8:126146312-126155675(+)	1
L1FLnI_3q12.1m::chr3:99732647-99742743(-)	1
L1FLnI_5q14.3za::chr5:90321165-90330823(-)	1
L1FLnI_1q24.3k::chr1:172428116-172438228(+)	1
L1FLnI_2q32.3x::chr2:195070739-195080279(+)	1
L1FLnI_Xq13.1ma::chrX:72977212-72987389(+)	1
L1FLnI_18q21.32h::chr18:60327805-60338055(+)	1
L1FLnI_8q21.2j::chr8:84419046-84429073(-)	1
L1FLnI_4q27e::chr4:120402426-120413238(+)	1
L1FLnI_4q26qa::chr4:119061402-119071562(-)	1
L1FLnI_11q14.3l::chr11:90043282-90053396(-)	1
L1FLnI_Xq21.33qa::chrX:97917551-97927701(+)	1
L1FLnI_Yp11.2pa::chrY:4372125-4382154(-)	1
L1FLnI_8q21.3d::chr8:87222731-87232776(-)	1
L1FLnI_4p15.2b::chr4:21322676-21332501(-)	1
L1FLnI_12q24.12a::chr12:111828663-111838815(-)	1
L1FLnI_8q21.3f::chr8:87321304-87331329(-)	2
L1FLnI_1p33ca::chr1:49939764-49948452(+)	2
L1FLnI_2q34ha::chr2:212051325-212061459(+)	1
L1FLnI_3p24.3x::chr3:20491227-20500009(-)	1
L1FLnI_3q13.31e::chr3:115452340-115462135(-)	1
L1FLnI_7q36.1i::chr7:150593595-150603128(+)	1
L1FLnI_2q31.2n::chr2:179202631-179212113(+)	1
L1FLnI_1q41f::chr1:215426654-215436686(-)	1
L1FLnI_4q22.3y::chr4:97478805-97487356(+)	1
L1FLnI_7p11.2h::chr7:54923016-54933525(+)	1
L1FLnI_Xq21.1ef::chrX:84675650-84685237(-)	1
L1FLnI_13q31.3p::chr13:94368700-94378691(+)	1
L1FLnI_4q22.1aa::chr4:91147986-91158164(-)	2
L1FLnI_5q11.2m::chr5:53137567-53147712(+)	1
L1FLnI_18q12.2m::chr18:37071386-37079990(+)	1
L1FLnI_Xq25xb::chrX:128536852-128545798(-)	1
L1FLnI_11q22.3na::chr11:109692144-109701345(+)	1
L1FLnI_Yq11.222r::chrY:18144503-18154537(+)	2
L1FLnI_21q21.1d::chr21:15914082-15924235(-)	1
L1FLnI_Xq21.31ea::chrX:89393635-89404467(-)	1
L1FLnI_Xq12aa::chrX:66795461-66805534(+)	1
L1FLnI_10p12.31w::chr10:22085778-22095986(+)	1
L1FLnI_2p24.3c::chr2:13308527-13318992(-)	1
L1FLnI_14q21.1ja::chr14:40344559-40354609(+)	1
L1FLnI_9p22.1c::chr9:18707734-18717746(+)	1
L1FLnI_9q22.33i::chr9:98504778-98514899(+)	1
L1FLnI_5q14.3qb::chr5:92829207-92838025(-)	1
L1FLnI_21q22.11a::chr21:31813721-31823862(-)	1
L1FLnI_9q33.1o::chr9:118915794-118925763(-)	1
L1FLnI_2p12ja::chr2:80811746-80821522(+)	1
L1FLnI_6q22.31ia::chr6:123444291-123454791(+)	3
L1FLnI_10q23.31y::chr10:90514489-90523194(-)	1
L1FLnI_4q31.23p::chr4:149844705-149854753(+)	1
L1FLnI_6q25.1g::chr6:152024659-152034819(+)	1
L1FLnI_2q23.3ba::chr2:153747603-153758798(-)	1
L1FLnI_7q31.1na::chr7:113739401-113749400(+)	1
L1FLnI_6q25.3o::chr6:160397181-160406681(+)	1
L1FLnI_4q21.1n::chr4:77518921-77528358(-)	1
L1FLnI_Xq21.1na::chrX:78503464-78513973(+)	2
L1FLnI_10q23.33n::chr10:94954423-94964259(-)	1
L1FLnI_Xp11.22e::chrX:51012158-51022302(-)	1
L1FLnI_8q22.1ka::chr8:97522899-97532661(-)	1
L1FLnI_2q24.1p::chr2:156078634-156088159(-)	1
L1FLnI_1q32.1j::chr1:200181868-200192009(+)	1
L1FLnI_11q24.2d::chr11:125701768-125711634(+)	1
L1FLnI_2p16.1h::chr2:56059202-56069503(-)	1
L1FLnI_Xq27.1j::chrX:139407993-139416610(-)	1
L1FLnI_Xp11.22h::chrX:51359370-51368280(+)	1
L1FLnI_9q31.2l::chr9:106899372-106909915(-)	1
L1FLnI_Xq13.1g::chrX:69444872-69454892(+)	1
L1FLnI_7q31.1ma::chr7:113739401-113749417(+)	1
L1FLnI_5q14.3kb::chr5:92192978-92202995(-)	1
L1FLnI_Xq13.3ra::chrX:76197501-76206714(-)	1
L1FLnI_7p14.2a::chr7:34902740-34912752(+)	1
L1FLnI_Xq25kb::chrX:127785300-127795400(+)	1
L1FLnI_7q31.2e::chr7:115581042-115591156(+)	2
L1FLnI_10q21.3v::chr10:66581086-66591953(-)	1
L1FLnI_14q12cb::chr14:32738740-32747809(-)	1
L1FLnI_Yq11.221mb::chrY:17010418-17019659(-)	1
L1FLnI_4q32.2g::chr4:163206507-163216468(-)	5
L1FLnI_4q26s::chr4:115830464-115840898(+)	1
L1FLnI_13q13.2g::chr13:34741547-34751599(-)	1
L1FLnI_12q23.1g::chr12:97199847-97210060(+)	1
L1FLnI_2q23.3aa::chr2:153715948-153725964(+)	7
L1FLnI_13q33.3e::chr13:107937182-107946616(+)	1
L1FLnI_3q22.2k::chr3:135655104-135665108(+)	4
L1FLnI_20q13.12i::chr20:45687392-45697481(-)	1
L1FLnI_14q31.3u::chr14:86970434-86980612(+)	1
L1FLnI_8q22.1e::chr8:93043371-93053476(-)	1
L1FLnI_8q13.3b::chr8:69903756-69914194(+)	1
L1FLnI_3q22.3b::chr3:136110895-136120799(+)	1
L1FLnI_7q35b::chr7:145076151-145085063(-)	1
L1FLnI_13q31.1r::chr13:80659118-80667789(-)	1
L1FLnI_12q24.23c::chr12:118792605-118803110(-)	1
L1FLnI_Xq21.1rb::chrX:79923300-79933329(+)	3
L1FLnI_13q33.3d::chr13:107920173-107930206(-)	1
L1FLnI_9q21.32m::chr9:83548456-83559650(-)	1
L1FLnI_3q26.1c::chr3:161840591-161849453(-)	1
L1FLnI_3q13.13j::chr3:109756396-109765786(+)	1
L1FLnI_1p22.2y::chr1:91355230-91364702(+)	1
L1FLnI_4q13.1u::chr4:60153791-60162600(+)	2
L1FLnI_Yp11.2qa::chrY:4372137-4382154(-)	1
L1FLnI_9q21.13h::chr9:73063270-73072822(+)	1
L1FLnI_7q21.2f::chr7:91755249-91765685(+)	1
L1FLnI_11q12.3h::chr11:63189768-63199230(+)	2
L1FLnI_5q12.1ba::chr5:62890356-62900384(-)	1
L1FLnI_5q11.2c::chr5:51948244-51958347(+)	1
L1FLnI_6q16.3d::chr6:100580100-100590236(-)	1
L1FLnI_12p12.3p::chr12:17698879-17709044(-)	1
L1FLnI_10q23.32d::chr10:91442079-91452029(+)	2
L1FLnI_11p15.4ga::chr11:10169648-10179853(+)	1
L1FLnI_20p11.21n::chr20:23905067-23914551(-)	3
L1FLnI_18p11.32j::chr18:1204661-1214083(-)	1
L1FLnI_3q11.2l::chr3:95059302-95069451(-)	1
L1ORF2_3q13.33::chr3:120572012-120580171(+)	2
L1FLnI_3q26.31m::chr3:175781211-175790258(-)	1
L1FLnI_13q13.3v::chr13:39113500-39123970(-)	1
L1FLnI_Xq11.2ka::chrX:65060649-65071100(-)	1
L1FLnI_2p12la::chr2:81019490-81030105(-)	2
L1FLnI_12q24.23d::chr12:118792605-118802693(-)	1
L1FLnI_14q21.3p::chr14:48633443-48641946(+)	1
L1FLnI_4q13.3va::chr4:74501831-74511974(+)	1
L1FLnI_3p22.3n::chr3:34754989-34764117(+)	1
L1FLnI_11q14.3n::chr11:90264770-90275190(-)	1
L1FLnI_6p12.3ja::chr6:51072051-51082001(-)	1
L1FLnI_9p11.2b::chr9:40675219-40685325(-)	5
L1FLnI_18q21.2e::chr18:52632339-52642514(+)	1
L1FLnI_15q23f::chr15:70967502-70977241(-)	1
L1FLnI_2q11.2e::chr2:97225128-97235279(-)	1
L1FLnI_21q22.11c::chr21:33925107-33935106(-)	1
L1FLnI_4q13.2y::chr4:68641193-68649886(-)	1
L1FLnI_6q14.1w::chr6:77730127-77740161(-)	1
L1FLnI_6q22.32d::chr6:126555550-126565079(+)	1
L1FLnI_18p11.21s::chr18:15228595-15238749(-)	1
L1FLnI_7p21.3k::chr7:9247061-9257527(+)	1
L1FLnI_Xq12ca::chrX:66924357-66934374(-)	1
L1FLnI_19p12v::chr19:24147029-24157203(-)	1
L1FLnI_1q21.2b::chr1:147858133-147868262(+)	1
L1FLnI_2q34ja::chr2:212654211-212663531(-)	1
L1FLnI_3q13.11j::chr3:104300518-104309502(+)	1
L1FLnI_1p32.1h::chr1:59787436-59797257(+)	1
L1FLnI_15q25.2p::chr15:84377656-84387103(-)	1
L1FLnI_12p12.3c::chr12:15060193-15069734(-)	1
L1FLnI_Xq23ba::chrX:112552121-112562108(+)	1
L1FLnI_Yq11.221l::chrY:13004213-13013898(-)	1
L1FLnI_3p14.1i::chr3:66312487-66322127(-)	2
L1FLnI_Xq25tb::chrX:128379905-128390078(+)	1
L1FLnI_4q32.2d::chr4:162860812-162869898(+)	1
L1FLnI_7q22.2c::chr7:104557152-104567206(-)	1
L1FLnI_7q21.13l::chr7:89896410-89905807(-)	1
L1FLnI_12q13.11g::chr12:46585967-46595600(-)	1
L1FLnI_1q32.2k::chr1:208699195-208709529(+)	1
L1FLnI_3q13.11i::chr3:104300518-104310966(+)	1
L1FLnI_Xq21.31ya::chrX:91240098-91249075(-)	1
L1FLnI_21q21.1c::chr21:15914057-15924235(-)	1
L1FLnI_10q25.2f::chr10:112058892-112068902(+)	1
L1FLnI_1p31.1mc::chr1:83355967-83364494(-)	2
L1FLnI_3p26.3b::chr3:805877-815906(+)	1
L1FLnI_2p16.1i::chr2:56065514-56074313(-)	1
L1FLnI_3q22.3p::chr3:137540102-137550297(+)	2
L1FLnI_Xq26.2i::chrX:132129311-132139260(+)	1
L1FLnI_Xq22.1wa::chrX:102401813-102412971(+)	3
L1FLnI_4q25pa::chr4:112571791-112581939(+)	1
L1FLnI_5p13.2fa::chr5:37685214-37695347(+)	2
L1FLnI_2q21.2n::chr2:133615825-133624770(+)	1
L1FLnI_Xq13.3c::chrX:74788483-74798500(-)	1
L1FLnI_3q26.33d::chr3:180512453-180523140(+)	1
L1FLnI_Xq21.32o::chrX:94253622-94263640(+)	1
L1FLnI_4p15.31a::chr4:17981244-17990279(-)	1
L1FLnI_10q23.1la::chr10:84756365-84766382(-)	1
L1FLnI_17p13.3h::chr17:3326055-3336226(-)	1
L1FLnI_1p32.1i::chr1:59787436-59796732(+)	1
L1FLnI_1p31.3j::chr1:65544307-65554470(-)	1
L1FLnI_2q13b::chr2:109949457-109959593(+)	2
L1FLnI_1q23.1r::chr1:158882604-158892614(+)	1
L1FLnI_6q23.3e::chr6:135595717-135604665(-)	1
L1FLnI_12q12ya::chr12:44737818-44747944(+)	1
L1FLnI_11p13m::chr11:32940751-32950756(-)	1
L1FLnI_4q26ca::chr4:117847631-117856438(+)	1
L1FLnI_1p21.1y::chr1:105878344-105888238(-)	1
L1FLnI_1p36.33a::chr1:437436-447857(+)	8
L1FLnI_8q22.1ia::chr8:97471610-97482564(+)	1
L1FLnI_2q33.1x::chr2:201366227-201376274(+)	1
L1FLnI_3p12.3c::chr3:74269787-74279896(+)	1
L1FLnI_Xq21.33y::chrX:96210715-96221167(+)	1
L1FLnI_2p12u::chr2:78206992-78217954(+)	2
L1FLnI_9q33.1j::chr9:118495084-118505152(-)	1
L1FLnI_6q22.1w::chr6:116181377-116190817(-)	1
L1FLnI_8q13.2f::chr8:68456301-68466460(+)	1
L1FLnI_4q35.1c::chr4:184173447-184183526(+)	1
L1FLnI_6q27w::chr6:170643423-170653846(-)	8
L1FLnI_8p11.21e::chr8:41037870-41048309(-)	1
L1FLnI_12q13.11s::chr12:47520072-47530531(-)	2
L1FLnI_18q21.1d::chr18:47633820-47643979(+)	1
L1FLnI_13q31.3o::chr13:94368700-94378701(+)	1
L1FLnI_8q24.21r::chr8:129320873-129330330(+)	1
L1FLnI_3q22.3a::chr3:136110469-136120799(+)	1
L1FLnI_3p21.2f::chr3:51195549-51205678(+)	1
L1FLnI_11q24.2p::chr11:127776196-127786218(-)	1
L1FLnI_3q12.2k::chr3:101106251-101114976(+)	1
L1FLnI_9p21.3aa::chr9:24224171-24234170(-)	1
L1FLnI_13q21.1t::chr13:58174379-58185432(-)	1
L1FLnI_Xp22.33c::chrX:3055821-3065966(+)	1
L1FLnI_8q12.1ia::chr8:59878357-59888508(+)	1
L1FLnI_8q24.12n::chr8:120095867-120104965(-)	1
L1FLnI_1p21.1o::chr1:104331505-104340141(-)	1
L1FLnI_1q32.3i::chr1:213698411-213707605(-)	1
L1FLnI_6q14.1k::chr6:76745160-76754642(-)	1
L1FLnI_Xq23ea::chrX:112715110-112725137(+)	1
L1FLnI_5q33.3f::chr5:156779331-156789439(+)	1
L1FLnI_Xq11.1i::chrX:63105569-63114778(+)	1
L1FLnI_12q13.2r::chr12:55480509-55490565(+)	1
L1FLnI_6q21q::chr6:110458747-110467419(+)	1
L1FLnI_15q21.3b::chr15:53047511-53056287(+)	1
L1FLnI_6q24.1m::chr6:141766846-141776492(-)	1
L1FLnI_21q11.2c::chr21:13989686-13999098(-)	1
L1FLnI_Yp11.2lb::chrY:9215604-9225613(-)	1
L1FLnI_8p11.21f::chr8:41045034-41053685(+)	1
L1FLnI_3q21.1b::chr3:122729372-122739522(+)	1
L1FLnI_Xq21.1y::chrX:77386414-77396845(+)	3
L1FLnI_6q22.33e::chr6:127589793-127599792(+)	1
L1FLnI_5q32j::chr5:145887648-145897836(+)	1
L1FLnI_4q34.3s::chr4:181408390-181418415(-)	5
L1FLnI_5q13.1k::chr5:68057773-68066343(+)	1
L1FLnI_Xq22.1sa::chrX:102229995-102240113(-)	2
L1FLnI_20p12.1i::chr20:13374574-13385027(-)	1
L1FLnI_6q23.2h::chr6:132348996-132358908(-)	1
L1FLnI_13q31.1ca::chr13:82041850-82051908(+)	1
L1FLnI_21q11.2j::chr21:14776842-14785595(+)	1
L1FLnI_9p11.1d::chr9:42999454-43007962(+)	1
L1FLnI_3q29i::chr3:195228752-195237410(-)	1
L1FLnI_3p26.3c::chr3:805877-815915(+)	1
L1FLnI_4p15.2j::chr4:22970971-22979930(-)	1
L1FLnI_22q11.1c::chr22:15845023-15853982(-)	2
L1FLnI_12q12ca::chr12:41668953-41678967(+)	2
L1FLnI_20p11.22e::chr20:21877376-21887450(-)	1
L1FLnI_12q13.11t::chr12:47527616-47537120(-)	2
L1FLnI_5p15.2s::chr5:13967149-13976365(-)	1
L1FLnI_7p21.3da::chr7:10743588-10753727(+)	1
L1FLnI_5p14.1o::chr5:28550880-28561207(-)	1
L1FLnI_5q31.1m::chr5:133132604-133141136(-)	1
L1FLnI_10q21.3k::chr10:65512610-65524098(-)	1
L1FLnI_1q32.3c::chr1:211449902-211459994(+)	1
L1FLnI_14q24.3b::chr14:76740788-76750066(+)	1
L1FLnI_6q22.1j::chr6:115078410-115087221(+)	1
L1FLnI_1q24.2j::chr1:170045038-170055484(+)	1
L1FLnI_18q21.2k::chr18:53800683-53810832(+)	1
L1FLnI_6q14.1ka::chr6:79281173-79291291(+)	1
L1FLnI_11q12.3g::chr11:63185046-63195194(-)	2
L1FLnI_4q24v::chr4:103480938-103491395(+)	1
L1FLnI_16q21da::chr16:64501227-64511071(-)	1
L1FLnI_Xp11.21ga::chrX:56125650-56136223(+)	1
L1FLnI_18q11.2e::chr18:24717395-24725926(-)	1
L1FLnI_Xq25x::chrX:125532133-125542295(+)	1
L1FLnI_7q31.33t::chr7:127172970-127183127(+)	1
L1FLnI_5q14.1l::chr5:78847568-78857704(-)	1
L1FLnI_6q25.3g::chr6:159284025-159294496(-)	1
L1FLnI_13q14.3l::chr13:52051009-52060449(+)	1
L1FLnI_8p12ha::chr8:36121487-36130638(-)	1
L1FLnI_4q13.3gb::chr4:75218258-75228010(+)	1
L1FLnI_Xq12xa::chrX:67626140-67636161(-)	1
L1FLnI_16q12.1q::chr16:51513138-51523427(+)	1
L1FLnI_9q13c::chr9:62550679-62559196(+)	1
L1FLnI_3q13.13q::chr3:110506294-110516689(-)	1
L1FLnI_5q12.3m::chr5:64933601-64944076(-)	1
L1FLnI_12p13.2a::chr12:10343946-10353353(-)	1
L1FLnI_11q12.3r::chr11:63426947-63435803(+)	1
L1FLnI_8q24.12m::chr8:120095867-120105132(-)	1
L1FLnI_4p15.2g::chr4:22264609-22275532(+)	1
L1FLnI_1p21.2g::chr1:100642992-100652116(+)	1
L1FLnI_5p15.32e::chr5:4887082-4897198(-)	1
L1FLnI_17q11.1e::chr17:27182519-27192580(-)	1
L1FLnI_6q27d::chr6:165279907-165289458(+)	1
L1FLnI_Xp11.21kb::chrX:56914791-56924794(-)	1
L1FLnI_3p26.1j::chr3:5597161-5606565(+)	1
L1FLnI_11q14.1y::chr11:85139945-85149722(-)	1
L1FLnI_8q11.22b::chr8:51542894-51553331(+)	1
L1FLnI_9p21.3r::chr9:23017160-23027139(-)	1
L1FLnI_Xq11.2p::chrX:64459735-64469178(-)	1
L1FLnI_15q25.3o::chr15:87018425-87027644(+)	1
L1FLnI_14q21.1y::chr14:39583750-39593791(-)	1
L1FLnI_4p15.31g::chr4:18255818-18264548(-)	1
L1FLnI_Yp11.2wb::chrY:10249339-10258207(+)	5
L1FLnI_1p13.1b::chr1:116048414-116058565(+)	1
L1FLnI_21q21.2g::chr21:25437115-25446694(+)	1
L1FLnI_13q22.2c::chr13:75240670-75250814(-)	1
L1FLnI_1p35.1d::chr1:34088895-34098913(+)	1
L1FLnI_Yp11.2eb::chrY:7179633-7189771(-)	1
L1FLnI_3p22.3u::chr3:35173791-35182699(-)	1
L1FLnI_7q36.2g::chr7:153977058-153987505(-)	3
L1FLnI_1p31.1hc::chr1:82537228-82546220(+)	2
L1FLnI_9q21.11d::chr9:67066072-67074708(-)	2
L1FLnI_2p23.1l::chr2:31791838-31801939(+)	1
L1FLnI_3q12.1a::chr3:98678486-98688511(+)	1
L1FLnI_1q24.2g::chr1:169397198-169407297(+)	1
L1FLnI_9q33.1e::chr9:116513183-116522309(+)	2
L1FLnI_2p24.1k::chr2:21208076-21218237(-)	1
L1FLnI_10q23.31g::chr10:88627963-88638238(-)	1
L1FLnI_Yq11.223ta::chrY:23177498-23187483(-)	2
L1FLnI_4q22.1z::chr4:91147971-91158164(-)	2
L1FLnI_11p15.4b::chr11:3310484-3320227(-)	1
L1FLnI_2q32.1ha::chr2:186782760-186791977(+)	2
L1FLnI_12p12.3q::chr12:17698879-17708494(-)	1
L1FLnI_7q31.1v::chr7:110468720-110478841(+)	1
L1FLnI_Xq23aa::chrX:112545304-112555394(-)	1
L1FLnI_1p12k::chr1:118352993-118361941(+)	1
L1FLnI_15q11.2d::chr15:21670013-21680460(-)	2
L1FLnI_9q31.2o::chr9:108026093-108036234(-)	1
L1FLnI_5q15s::chr5:96102701-96112749(-)	2
L1FLnI_7q21.13h::chr7:89690598-89701712(+)	1
L1FLnI_20p11.1a::chr20:25700216-25710661(-)	1
L1FLnI_14q31.2c::chr14:83601742-83611827(-)	1
L1FLnI_2q14.1ha::chr2:117920184-117929772(+)	1
L1FLnI_18q21.31f::chr18:57715749-57725764(+)	4
L1FLnI_12q21.1v::chr12:73602204-73612339(+)	1
L1FLnI_13q14.2w::chr13:49158037-49167269(-)	1
L1FLnI_9p24.2i::chr9:3617849-3628310(-)	1
L1FLnI_Xq11.1l::chrX:63327226-63337881(+)	1
L1FLnI_4q13.3ua::chr4:74495490-74504871(-)	1
L1FLnI_14q31.3t::chr14:86970434-86980602(+)	1
L1FLnI_3p21.1d::chr3:53440259-53450402(-)	1
L1FLnI_6q13ta::chr6:74893099-74902464(-)	2
L1FLnI_6q16.2c::chr6:99200782-99210936(+)	1
L1FLnI_Xq22.2d::chrX:103935645-103944210(-)	1
L1FLnI_Xq13.1na::chrX:72977212-72987373(+)	1
L1FLnI_9p21.1p::chr9:31000950-31010434(+)	1
L1FLnI_6q22.31ba::chr6:122938857-122949050(-)	1
L1FLnI_5q21.1u::chr5:101704077-101712916(-)	1
L1FLnI_3p22.3t::chr3:35167339-35176580(-)	1
L1FLnI_Xq21.2q::chrX:85817502-85826314(+)	1
L1FLnI_8q22.1j::chr8:93479763-93489897(+)	1
L1FLnI_6q14.1o::chr6:76955466-76965525(+)	1
L1FLnI_11p15.2v::chr11:16645153-16654276(+)	1
L1FLnI_12q22e::chr12:93873424-93882492(-)	1
L1FLnI_2q37.1c::chr2:230260706-230269345(-)	1
L1FLnI_3q29g::chr3:195084173-195094193(+)	1
L1FLnI_11q25n::chr11:133878605-133889206(-)	1
L1FLnI_4q28.3h::chr4:131631523-131643128(+)	1
L1FLnI_11q24.3h::chr11:129144586-129155384(+)	1
L1FLnI_7q31.2a::chr7:115024602-115034615(-)	1
L1FLnI_Xq22.1ya::chrX:102417169-102425725(-)	1
L1FLnI_5q21.3h::chr5:106622319-106632311(-)	1
L1FLnI_Xq21.2o::chrX:85803755-85812569(-)	1
L1FLnI_2p24.1j::chr2:21208045-21218237(-)	1
L1FLnI_Xq11.2oa::chrX:65214680-65223762(+)	1
L1FLnI_17p13.3c::chr17:3083398-3091931(-)	1
L1FLnI_20p12.3n::chr20:8594602-8604627(-)	2
L1FLnI_Xp11.3k::chrX:43207241-43217752(+)	1
L1FLnI_20q12b::chr20:39968659-39979070(-)	7
L1FLnI_2q22.2k::chr2:143002543-143012576(+)	5
L1FLnI_9q21.33g::chr9:85445843-85456378(-)	1
L1FLnI_7p21.3ca::chr7:10738115-10747580(+)	1
L1FLnI_8q12.3q::chr8:63504252-63514392(-)	1
L1FLnI_Xq27.3q::chrX:145621057-145630620(+)	1
L1FLnI_17q24.2c::chr17:68998644-69008648(-)	1
L1FLnI_9p21.3l::chr9:22180867-22191637(+)	1
L1FLnI_4q13.1fb::chr4:65051667-65060396(-)	1
L1FLnI_21q21.1r::chr21:17323983-17334014(+)	1
L1FLnI_4q13.3qa::chr4:73627406-73637030(+)	1
L1FLnI_2q21.2a::chr2:132062366-132072516(-)	1
L1FLnI_11q14.3g::chr11:89312759-89322755(-)	2
L1FLnI_21q21.2b::chr21:24081565-24092120(+)	1
L1FLnI_21q21.2c::chr21:24081565-24090350(+)	1
L1FLnI_Xq21.31v::chrX:88622434-88631337(+)	1
L1FLnI_12q21.32l::chr12:87146894-87155700(-)	1
L1FLnI_Xq28na::chrX:155315766-155326257(+)	1
L1FLnI_5q14.2k::chr5:83127483-83137276(-)	1
L1FLnI_14q31.3e::chr14:84660071-84669887(-)	1
L1FLnI_3q25.2t::chr3:154941661-154951800(+)	1
L1FLnI_1q31.1p::chr1:188751741-188761760(-)	1
L1FLnI_15q15.3e::chr15:44356121-44364707(+)	1
L1FLnI_16q21n::chr16:60519246-60529271(+)	1
L1FLnI_1q44n::chr1:247887823-247897838(-)	4
L1FLnI_3q22.3w::chr3:137904759-137913918(+)	1
L1FLnI_5q22.1b::chr5:110278137-110288296(-)	1
L1FLnI_Xq21.1vd::chrX:82768869-82778515(-)	1
L1FLnI_2p16.1l::chr2:56417566-56427707(+)	1
L1FLnI_14q23.1s::chr14:59952151-59962573(-)	1
L1FLnI_5q13.3k::chr5:75769050-75778844(-)	1
L1FLnI_4q31.23k::chr4:149479676-149489966(-)	1
L1FLnI_1p21.3e::chr1:95158012-95168127(-)	1
L1FLnI_5q21.1e::chr5:99252062-99261035(-)	1
L1FLnI_10q23.1ia::chr10:84644869-84655053(-)	1
L1FLnI_6p24.3f::chr6:8769998-8780012(-)	2
L1FLnI_11q14.1i::chr11:80899120-80909725(+)	1
L1FLnI_12q14.1u::chr12:59924144-59934071(+)	1
L1FLnI_Xp11.21xb::chrX:57322337-57331850(-)	1
L1FLnI_15q13.2d::chr15:30771678-30781906(+)	1
L1FLnI_7p14.3w::chr7:34199714-34209777(-)	1
L1FLnI_Xq11.1h::chrX:63099419-63109562(+)	2
L1FLnI_11p15.4ia::chr11:10336127-10346668(+)	1
L1FLnI_2p13.1f::chr2:73717896-73728049(+)	1
L1FLnI_Xq21.33o::chrX:95221497-95231347(+)	1
L1FLnI_4q22.2j::chr4:93927399-93936713(-)	1
L1FLnI_20p11.23a::chr20:18329413-18339588(+)	1
L1FLnI_8q24.21s::chr8:129514202-129524364(+)	1
L1FLnI_11q23.1d::chr11:112678056-112688069(-)	1
L1FLnI_4q32.1la::chr4:160570533-160580560(+)	1
L1FLnI_12q21.31t::chr12:83117432-83126348(-)	1
L1FLnI_14q22.1m::chr14:53297900-53306991(-)	1
L1FLnI_11p11.2j::chr11:48283222-48293752(-)	2
L1FLnI_2q32.3n::chr2:193704400-193714434(-)	1
L1FLnI_22p11.2p::chr22:12797831-12807955(+)	4
L1FLnI_5p15.1o::chr5:17457532-17467955(-)	1
L1FLnI_2p16.1ja::chr2:60137692-60147723(+)	1
L1FLnI_18q12.3d::chr18:40113590-40123705(-)	1
L1FLnI_6p12.1p::chr6:55681158-55691187(+)	1
L1FLnI_6q24.2d::chr6:143348742-143358028(-)	1
L1FLnI_3q13.33i::chr3:120732066-120742123(-)	1
L1FLnI_Yq11.222p::chrY:18061733-18070848(-)	1
L1FLnI_12q21.2r::chr12:78339589-78349789(+)	1
L1FLnI_Xq28ja::chrX:155149341-155158778(-)	1
L1FLnI_12q21.1w::chr12:73602204-73612329(+)	1
L1FLnI_2p14x::chr2:68397235-68407506(-)	1
L1FLnI_Xp11.4e::chrX:42000800-42010844(+)	1
L1FLnI_4q22.2c::chr4:92938064-92946800(-)	1
L1FLnI_4q22.1ba::chr4:91159403-91169568(-)	1
L1FLnI_7p21.3l::chr7:9247061-9256516(+)	1
L1FLnI_10p12.1i::chr10:27295754-27305870(+)	1
L1FLnI_8q21.3z::chr8:89675834-89685015(+)	2
L1FLnI_15q21.3ga::chr15:56557916-56568075(+)	1
L1FLnI_5q23.3v::chr5:130814238-130824281(+)	1
L1FLnI_Xp11.21wa::chrX:56489030-56499084(-)	1
L1FLnI_Yp11.2ga::chrY:3825821-3836415(+)	1
L1FLnI_1p31.1db::chr1:78254015-78263140(+)	1
L1FLnI_Xq24z::chrX:121796672-121807118(-)	2
L1FLnI_4q13.3t::chr4:71887628-71898177(+)	1
L1FLnI_5q33.3o::chr5:159136048-159145323(+)	1
L1FLnI_8q21.11a::chr8:72165651-72174493(-)	1
L1FLnI_Xp11.21dc::chrX:57449860-57458842(+)	1
L1FLnI_18p11.21k::chr18:13078151-13088261(-)	1
L1FLnI_12q21.31ca::chr12:84038142-84047571(-)	1
L1FLnI_8q24.21i::chr8:128706942-128715990(-)	2
L1FLnI_9q13k::chr9:64798771-64808876(-)	5
L1FLnI_8q13.2b::chr8:67589392-67599536(-)	1
L1FLnI_Yq11.222j::chrY:17743223-17753364(+)	2
L1FLnI_2p12wa::chr2:82208910-82218482(-)	1
L1FLnI_15q24.2c::chr15:76092616-76103035(-)	1
L1FLnI_3p14.2a::chr3:58758033-58768168(-)	1
L1FLnI_Xq21.33gb::chrX:98841853-98850912(-)	2
L1FLnI_4p15.33e::chr4:11883645-11892816(+)	1
L1FLnI_6p22.3m::chr6:19491643-19501751(+)	1
L1FLnI_2p23.1h::chr2:31668610-31680312(-)	1
L1FLnI_4q32.3ba::chr4:167343017-167352178(-)	1
L1FLnI_12q12ta::chr12:43948606-43957815(+)	1
L1FLnI_20p12.3j::chr20:7944453-7953695(-)	1
L1FLnI_3p24.3o::chr3:19495494-19504436(+)	1
L1FLnI_17q21.33d::chr17:51570912-51581297(+)	1
L1FLnI_Xp11.21tb::chrX:57267041-57275768(+)	1
L1FLnI_15q13.2e::chr15:30771678-30781890(+)	1
L1FLnI_5q33.1x::chr5:153279516-153289597(+)	1
L1FLnI_Xq23fa::chrX:112715110-112725127(+)	1
L1FLnI_2q36.3o::chr2:228228501-228238015(-)	1
L1FLnI_11q22.3v::chr11:107393153-107403759(+)	1
L1FLnI_4q24va::chr4:105856631-105866760(+)	1
L1FLnI_20q13.2e::chr20:53469145-53479153(+)	1
L1FLnI_Xq27.2f::chrX:141947074-141957007(-)	1
L1FLnI_3p14.2da::chr3:63313598-63322663(-)	1
L1FLnI_11p12p::chr11:38860885-38869598(-)	1
L1FLnI_Xq22.3cb::chrX:109287494-109296814(-)	1
L1FLnI_14q31.3fa::chr14:88442982-88452408(-)	1
L1FLnI_4q34.3a::chr4:176688924-176698647(+)	1
L1FLnI_9q21.11b::chr9:65302604-65312678(+)	3
L1FLnI_Xq27.1c::chrX:139004362-139013979(+)	1
L1FLnI_1p31.2b::chr1:68680987-68691136(-)	1
L1FLnI_Yq11.222u::chrY:18197896-18208087(-)	1
L1FLnI_Xq21.1td::chrX:82567917-82577266(-)	2
L1FLnI_4q27m::chr4:121406520-121415693(-)	2
L1FLnI_4q13.3m::chr4:71098036-71107436(+)	1
L1FLnI_4p14j::chr4:37348204-37358071(-)	1
L1FLnI_5q35.2i::chr5:176077678-176087818(-)	2
L1FLnI_5p14.1l::chr5:27957946-27967972(-)	1
L1FLnI_3q11.2u::chr3:96681335-96690408(-)	1
L1FLnI_2q14.1c::chr2:114012452-114022626(-)	1
L1FLnI_4q26da::chr4:117847672-117856438(+)	1
L1FLnI_11p12d::chr11:37211256-37219818(-)	2
L1FLnI_9p24.3g::chr9:1568518-1578545(-)	1
L1FLnI_15q21.3c::chr15:53047511-53056298(+)	1
L1FLnI_1q41ra::chr1:223395035-223405057(-)	6
L1FLnI_16q11.2d::chr16:46531848-46542037(+)	1
L1FLnI_1p12o::chr1:118629327-118640287(-)	2
L1FLnI_Xq26.3p::chrX:137126452-137136120(+)	1
L1FLnI_18q12.3e::chr18:40113600-40123705(-)	1
L1FLnI_20q13.12c::chr20:43870666-43880771(-)	1
L1FLnI_2p14s::chr2:67352565-67362762(+)	1
L1FLnI_Xp11.21z::chrX:55927864-55936394(-)	1
L1FLnI_1p21.3h::chr1:95479381-95489747(+)	1
L1FLnI_11q13.5b::chr11:75745117-75755149(+)	2
L1FLnI_3p11.1n::chr3:89345116-89355140(-)	2
L1FLnI_5q23.2b::chr5:122246333-122256699(-)	1
L1FLnI_12q14.1aa::chr12:60808094-60816610(-)	1
L1FLnI_Yq11.221gb::chrY:16598843-16607994(-)	2
L1FLnI_7q36.2h::chr7:153978036-153987505(-)	3
L1FLnI_5q13.3s::chr5:77466171-77474947(+)	1
L1FLnI_12p12.1l::chr12:22133031-22143047(+)	1
L1FLnI_20p11.23b::chr20:18329413-18339578(+)	1
L1FLnI_Yq11.221ba::chrY:14187696-14196360(-)	1
L1FLnI_4q22.1t::chr4:90708774-90717502(-)	1
L1FLnI_2p16.1y::chr2:58321842-58331774(+)	1
L1FLnI_4q21.1m::chr4:77513327-77522854(-)	1
L1FLnI_3q26.33e::chr3:180512453-180521346(+)	1
L1FLnI_2p24.1w::chr2:22586760-22595889(+)	1
L1FLnI_Xq13.2na::chrX:74692219-74702370(+)	1
L1FLnI_5q23.2m::chr5:123328850-123339310(-)	1
L1FLnI_21p11.2c::chr21:8138164-8147252(-)	4
L1FLnI_10q23.33s::chr10:95143886-95154032(+)	1
L1FLnI_6p12.1q::chr6:55681158-55691199(+)	1
L1FLnI_8q12.3i::chr8:62706188-62716638(-)	1
L1FLnI_15q11.2e::chr15:21670993-21680460(-)	2
L1FLnI_4q21.22f::chr4:82171911-82182038(+)	1
L1FLnI_5q21.3s::chr5:108422406-108431550(-)	1
L1FLnI_8q21.13xa::chr8:82932928-82943469(+)	1
L1FLnI_4q28.1r::chr4:124440718-124449234(-)	1
L1FLnI_15q11.2g::chr15:22112487-22122928(-)	2
L1FLnI_11q24.2l::chr11:127359662-127369688(+)	1
L1FLnI_5p14.1m::chr5:27957946-27967192(-)	1
L1FLnI_5q22.3r::chr5:115113814-115123908(+)	1
L1FLnI_10p12.1j::chr10:27295754-27305860(+)	1
L1FLnI_7q21.13a::chr7:88550526-88560560(-)	1
L1FLnI_1p31.1pa::chr1:75674251-75684285(+)	1
L1FLnI_2p22.1f::chr2:40008099-40018119(-)	1
L1FLnI_Yp11.2db::chrY:7179610-7189771(-)	1
L1FLnI_8q21.13t::chr8:77548451-77557116(+)	1
L1FLnI_Xq25z::chrX:125608456-125618469(-)	1
L1FLnI_10q11.23b::chr10:49419103-49429274(-)	1
L1FLnI_10q22.3b::chr10:76142209-76152337(-)	1
L1FLnI_15q26.2h::chr15:97289671-97299813(-)	1
L1FLnI_1q41y::chr1:220605014-220615192(-)	1
L1FLnI_2q33.1y::chr2:201589469-201598682(-)	1
L1FLnI_3q22.1f::chr3:131115490-131125613(-)	1
L1FLnI_10q26.12a::chr10:120233778-120243825(-)	1
L1FLnI_2q24.1v::chr2:156961828-156971983(-)	1
L1FLnI_11p12oa::chr11:42428764-42438786(-)	1
L1FLnI_21p11.2d::chr21:8321209-8330297(-)	4
L1FLnI_13q31.1n::chr13:80513362-80523482(+)	1
L1FLnI_18p11.22d::chr18:8883561-8893120(-)	1
L1FLnI_6q25.3n::chr6:160396232-160406681(+)	1
L1FLnI_6q25.2c::chr6:153453810-153463379(-)	1
L1FLnI_5q14.3i::chr5:85553483-85562854(+)	1
L1FLnI_8q23.3da::chr8:116387230-116397364(+)	1
L1FLnI_9q21.12d::chr9:69502552-69512584(+)	2
L1FLnI_11q13.4h::chr11:74891479-74900463(+)	1
L1FLnI_2p11.2s::chr2:91443448-91453583(+)	3
L1FLnI_3q11.2ha::chr3:98417618-98428331(+)	1
L1FLnI_12q21.33g::chr12:90569966-90580235(-)	1
L1FLnI_Xq12w::chrX:66714801-66725258(+)	1
L1FLnI_5p15.1e::chr5:15288431-15298600(+)	1
L1FLnI_Xq22.1j::chrX:99394435-99403293(-)	3
L1FLnI_5q21.1b::chr5:99033814-99044260(+)	1
L1FLnI_12q21.2c::chr12:75607636-75617100(+)	1
L1FLnI_12q13.2k::chr12:55161102-55171116(-)	1
L1FLI_3p14.1::chr3:65508290-65516335(+)	2
L1FLnI_11q13.5d::chr11:76941074-76950679(-)	1
L1FLnI_20p11.1b::chr20:25707997-25717150(-)	1
L1FLnI_5q14.1f::chr5:78382320-78391524(-)	1
L1FLnI_14q21.1j::chr14:38442326-38450957(-)	1
L1FLnI_7q31.32l::chr7:123850748-123861145(-)	1
L1FLnI_3p24.3y::chr3:20497770-20508421(-)	1
L1FLnI_11p14.3c::chr11:22049605-22060135(-)	1
L1FLnI_6q16.3z::chr6:103518061-103528225(+)	1
L1FLnI_14q21.1v::chr14:39521060-39530958(-)	1
L1FLnI_7q11.21c::chr7:62265231-62274182(-)	1
L1FLnI_9q22.33g::chr9:97944865-97955018(-)	1
L1FLnI_9p21.3y::chr9:23982583-23992200(+)	1
L1FLnI_3q13.33h::chr3:120732050-120742123(-)	1
L1FLnI_1q41t::chr1:219842796-219853500(+)	2
L1FLnI_7q11.21j::chr7:63404066-63413012(+)	1
L1FLnI_Xq22.1ja::chrX:101710562-101720606(-)	1
L1FLnI_2p22.1c::chr2:39574519-39584652(-)	1
L1FLnI_9q33.1d::chr9:116513183-116523170(+)	2
L1FLnI_11q21ba::chr11:97015423-97024196(+)	1
L1FLnI_Xq26.1c::chrX:130447017-130457153(-)	1
L1FLnI_4q27o::chr4:121413192-121423144(-)	2
L1FLnI_4q31.21ha::chr4:143768346-143777689(-)	1
L1FLnI_11q12.3f::chr11:63185031-63195194(-)	2
L1FLnI_10p12.2d::chr10:22740934-22749555(+)	1
L1FLnI_9q13b::chr9:62099358-62108320(+)	2
L1FLnI_10q23.1z::chr10:83313236-83323467(+)	1
L1FLnI_2p12i::chr2:76653626-76663706(-)	1
L1FLnI_16q12.1h::chr16:48014966-48024989(-)	1
L1FLnI_4q31.21c::chr4:140912162-140921688(+)	1
L1FLnI_21p12c::chr21:5860678-5869766(-)	4
L1FLnI_11p12v::chr11:39877561-39887542(+)	1
L1FLnI_Xq27.3k::chrX:144874478-144884150(+)	1
L1FLnI_10p15.3a::chr10:31978-41992(+)	1
L1FLnI_3p11.1c::chr3:87910357-87920910(+)	1
L1FLnI_Xq27.2h::chrX:142328998-142337839(+)	2
L1FLnI_17q22x::chr17:55935200-55945599(+)	1
L1FLnI_6q24.1l::chr6:141766504-141776492(-)	1
L1FLnI_2q14.1b::chr2:113470982-113481045(-)	2
L1FLnI_4q13.1fa::chr4:61640795-61650803(-)	1
L1FLnI_2q22.1z::chr2:140563286-140573779(+)	1
L1FLnI_6q25.2d::chr6:153453810-153462434(-)	1
L1FLnI_4q31.1b::chr4:138779171-138789136(-)	1
L1FLnI_8p12s::chr8:33896545-33905235(-)	1
L1FLnI_4q13.1eb::chr4:65051667-65061698(-)	1
L1FLnI_20p12.3a::chr20:5235263-5245679(-)	1
L1FLnI_6q14.1m::chr6:76899723-76909729(-)	1
L1FLnI_4q31.21ea::chr4:143658602-143668740(-)	1
L1FLnI_11p13w::chr11:35087576-35097271(+)	1
L1FLnI_2q14.2d::chr2:118406664-118416204(+)	1
L1FLnI_Xq11.2f::chrX:64078364-64088494(-)	1
L1FLnI_7p14.1f::chr7:38043940-38053103(-)	1
L1FLnI_2q32.1b::chr2:182208906-182218934(+)	1
L1FLnI_Xq27.1l::chrX:139432197-139442322(+)	1
L1FLnI_1q23.3p::chr1:164067610-164076756(-)	1
L1FLnI_5q15ua::chr5:98131977-98141493(+)	1
L1FLnI_Xq13.1fa::chrX:71826173-71835217(+)	1
L1FLnI_8q23.3l::chr8:112820142-112830280(-)	1
L1FLnI_2q31.2p::chr2:179382257-179392403(+)	1
L1FLnI_11p15.5a::chr11:73347-83769(+)	8
L1FLnI_12q21.2f::chr12:76316125-76326197(+)	1
L1FLnI_Yq11.21w::chrY:11788596-11798745(-)	1
L1FLnI_6q12e::chr6:63163488-63173651(+)	1
L1FLnI_12q13.11ba::chr12:48397760-48406661(-)	3
L1FLnI_20q12a::chr20:39364729-39373984(+)	5
L1FLnI_3p26.1o::chr3:6030357-6040335(-)	1
L1FLnI_7p12.1i::chr7:51551628-51561791(-)	1
L1FLnI_15q25.2o::chr15:84263602-84273045(-)	1
L1FLnI_17q22u::chr17:54817157-54827296(+)	1
L1FLnI_12q14.2i::chr12:63568567-63579111(+)	1
L1FLnI_9p23l::chr9:11905956-11916384(-)	1
L1FLnI_Xq21.1wa::chrX:78871501-78881549(+)	1
L1FLnI_21p11.2b::chr21:7575295-7584383(+)	4
L1FLnI_8p11.21h::chr8:41125926-41135181(+)	1
L1FLnI_4q22.1n::chr4:89057380-89066467(-)	1
L1FLnI_5q34x::chr5:163116357-163126478(-)	1
L1FLnI_10q25.1e::chr10:105474324-105484675(-)	1
L1FLnI_16q12.2a::chr16:53343921-53354017(-)	1
L1FLnI_11q25r::chr11:134491801-134501161(-)	1
L1FLnI_3p22.3k::chr3:34465834-34475864(-)	1
L1FLnI_5p13.2aa::chr5:37528138-37536813(-)	1
L1FLnI_Xq28pa::chrX:155351171-155360391(+)	1
L1FLnI_3p26.1l::chr3:5830695-5840702(-)	1
L1FLnI_Xq27.1i::chrX:139407993-139418347(-)	1
L1FLnI_1q21.3g::chr1:152581012-152591233(+)	1
L1FLnI_4q21.23c::chr4:83951676-83961705(-)	1
L1FLnI_8q21.11b::chr8:72165684-72174493(-)	1
L1FLnI_3p14.2ca::chr3:63313582-63322663(-)	1
L1FLnI_4q31.22o::chr4:147262485-147271068(-)	1
L1FLnI_13q21.2e::chr13:59558851-59567400(-)	1
L1FLnI_10q26.12e::chr10:120667965-120677812(+)	1
L1FLnI_10q23.31h::chr10:88627966-88638238(-)	1
L1FLnI_1p31.1oc::chr1:83586966-83596142(-)	1
L1FLnI_11q22.1aa::chr11:100475221-100485244(-)	3
L1FLnI_4p13h::chr4:42763750-42772928(+)	1
L1FLnI_4q25ja::chr4:111972925-111981934(-)	1
L1FLnI_6q14.1l::chr6:76899709-76909729(-)	1
L1FLnI_4q31.23l::chr4:149479676-149489517(-)	1
L1FLnI_4q26la::chr4:118126055-118134750(-)	1
L1FLnI_5q35.2k::chr5:176279086-176288131(+)	1
L1FLnI_3q11.2e::chr3:94637017-94647698(-)	1
L1FLnI_1p31.1p::chr1:72826947-72837116(+)	1
L1FLnI_1q24.1f::chr1:166310379-166320527(-)	1
L1FLnI_9p21.2o::chr9:27687020-27697078(+)	1
L1FLnI_17p12i::chr17:15351801-15361306(+)	1
L1FLnI_4p16.2c::chr4:5241050-5251220(-)	1
L1FLnI_15q22.2f::chr15:61358673-61369071(-)	1
L1FLnI_Yp11.2f::chrY:1214107-1223886(+)	1
L1FLnI_5q31.1h::chr5:131893240-131902564(-)	1
L1FLnI_9q13g::chr9:63474620-63484723(-)	5
L1FLnI_Yq11.222z::chrY:18341561-18351663(-)	1
L1FLnI_Xp11.3g::chrX:42919865-42928681(+)	1
L1FLnI_6p12.3w::chr6:49790990-49801011(-)	1
L1FLnI_8q21.2h::chr8:84070902-84079794(-)	1
L1FLnI_1q31.2b::chr1:191056792-191065821(-)	1
L1FLnI_8q21.13ka::chr8:80000021-80009951(+)	1
L1FLnI_5q12.3i::chr5:64473593-64483753(+)	1
L1FLnI_2q14.1u::chr2:117295703-117307100(+)	1
L1FLnI_12q24.32e::chr12:127136791-127146019(-)	1
L1FLnI_13q12.12f::chr13:24547924-24558057(-)	1
L1FLnI_Xp11.21ia::chrX:56171615-56181709(-)	1
L1FLnI_8p12ca::chr8:34536926-34546887(+)	1
L1FLnI_12p12.1m::chr12:22133031-22143072(+)	1
L1FLnI_13q32.2d::chr13:97726913-97736951(+)	1
L1FLnI_4q21.22e::chr4:82171911-82182051(+)	1
L1FLnI_9q33.1c::chr9:116508516-116518633(-)	2
L1FLnI_5q22.3n::chr5:114862929-114873369(+)	1
L1FLnI_9p21.3la::chr9:25098507-25108568(+)	1
L1FLnI_1p12d::chr1:117740856-117751360(-)	1
L1FLnI_4q13.3ia::chr4:72844168-72853424(+)	1
L1FLnI_3q26.1d::chr3:161840594-161849453(-)	1
L1FLnI_12q12o::chr12:39670874-39681489(+)	1
L1FLnI_20q13.12b::chr20:43870650-43880771(-)	1
L1FLnI_14q32.2c::chr14:97190821-97200215(-)	1
L1FLnI_2q24.3w::chr2:168610919-168620511(+)	1
L1FLnI_14q21.3u::chr14:49066157-49075188(+)	1
L1FLnI_Xq11.2j::chrX:64242969-64252966(-)	1
L1FLnI_9q33.1n::chr9:118915476-118925763(-)	1
L1FLnI_1q43i::chr1:240894758-240904900(-)	1
L1FLnI_3q13.32h::chr3:119000971-119010990(-)	2
L1FLnI_12q14.2f::chr12:63333391-63343511(+)	1
L1FLnI_7q21.11h::chr7:79642775-79652253(-)	1
L1FLnI_8p23.2d::chr8:2394488-2404543(+)	1
L1FLnI_5p14.3c::chr5:18648518-18657330(-)	1
L1FLnI_Xp22.12q::chrX:21533300-21542023(-)	1
L1FLnI_5q15w::chr5:96361336-96371472(-)	1
L1FLnI_12q12sa::chr12:43947345-43957815(+)	1
L1FLnI_Xq22.1xa::chrX:102401813-102412968(+)	3
L1FLnI_8q21.2c::chr8:83623027-83632500(-)	1
L1FLnI_2q32.1u::chr2:184923539-184932624(-)	1
L1FLnI_13q11b::chr13:18178682-18188817(+)	1
L1FLnI_3p14.1u::chr3:68075820-68085839(-)	1
L1FLnI_Xq22.1g::chrX:99266219-99275548(-)	2
L1FLnI_12q21.2m::chr12:77455787-77465931(+)	1
L1FLnI_1q42.3c::chr1:236185852-236196292(-)	1
L1FLnI_Xq13.1j::chrX:69458033-69467455(-)	1
L1FLnI_2p23.1i::chr2:31677599-31687666(-)	1
L1FLnI_Xp11.22ba::chrX:52156422-52166556(+)	1
L1FLnI_18q12.2a::chr18:35146495-35156129(-)	1
L1FLnI_1p31.1gc::chr1:82528617-82537796(-)	1
L1FLnI_11p12ga::chr11:40907065-40917234(+)	1
L1FLnI_2p11.2r::chr2:90349849-90359984(-)	3
L1FLnI_4q28.3i::chr4:131631523-131641026(+)	1
L1FLnI_3q13.32i::chr3:119041633-119051659(+)	1
L1FLnI_3p13b::chr3:70444510-70453887(-)	1
L1FLnI_18p11.21d::chr18:11474785-11483371(-)	1
L1FLnI_12q13.11w::chr12:47632824-47643350(+)	1
L1FLnI_15q14e::chr15:36191873-36201902(+)	1
L1FLnI_14q21.2ba::chr14:46372061-46381034(-)	1
L1FLnI_15q11.1f::chr15:20422368-20431667(-)	1
L1FLnI_5q14.1m::chr5:78847586-78857704(-)	1
L1FLnI_16p11.1c::chr16:35660256-35669471(+)	1
L1FLnI_4q35.2a::chr4:186377628-186388121(+)	1
L1FLnI_19q13.43c::chr19:55912237-55921388(+)	1
L1FLnI_4q31.22h::chr4:146541016-146551260(-)	1
L1FLnI_11p14.1f::chr11:27935574-27945722(+)	1
L1FLnI_3p26.1k::chr3:5830695-5841810(-)	1
L1FLnI_9q21.11h::chr9:67578709-67588830(-)	2
L1FLnI_1q44k::chr1:247566654-247577136(-)	1
L1FLnI_6p24.3c::chr6:8596354-8605564(-)	1
L1FLnI_14q21.2m::chr14:44510973-44519797(-)	1
L1FLnI_9p11.2i::chr9:42112723-42121481(+)	2
L1FLnI_7q11.21b::chr7:62265218-62274182(-)	1
L1FLnI_5q12.1a::chr5:59627956-59638325(+)	1
L1FLnI_9q22.31e::chr9:92210909-92220912(+)	1
L1FLnI_12p12.1s::chr12:22433083-22443599(+)	1
L1FLnI_3p26.1i::chr3:5590306-5600451(-)	1
L1FLnI_12q12ga::chr12:42042986-42053136(-)	1
L1FLnI_14q12qa::chr14:30470545-30480585(+)	1
L1FLnI_4p13b::chr4:41345961-41356118(+)	1
L1FLnI_14q11.2d::chr14:19268387-19277346(+)	2
L1FLnI_Xq21.1ma::chrX:78498764-78507419(+)	2
L1FLnI_1q24.2h::chr1:169404129-169414527(+)	1
L1FLnI_8q21.11j::chr8:72401303-72411836(+)	1
L1FLnI_11q12.1t::chr11:58870784-58880922(-)	1
L1FLnI_3q22.3n::chr3:137535636-137544788(-)	2
L1FLnI_Xp11.4d::chrX:42000800-42010829(+)	1
L1FLnI_11q22.3h::chr11:104919712-104929963(-)	2
L1FLnI_Xq27.3b::chrX:143059361-143068590(+)	1
L1FLnI_4q28.3q::chr4:132454298-132464387(+)	1
L1FLnI_4q34.3d::chr4:177843395-177851920(-)	1
L1ORF2_8p23.2a::chr8:2300947-2308996(-)	1
L1FLnI_4p15.31b::chr4:17981646-17990279(-)	1
L1FLnI_15q11.2i::chr15:22364649-22375038(-)	1
L1FLnI_1p21.2n::chr1:101406737-101417225(+)	1
L1FLnI_3p12.3b::chr3:74269787-74280290(+)	1
L1FLnI_4q27f::chr4:120404114-120413238(+)	1
L1FLnI_10q26.2j::chr10:126786525-126795341(+)	1
L1FLnI_3q29j::chr3:195228752-195237411(-)	1
L1FLnI_16q21u::chr16:61797956-61807989(+)	9
L1FLnI_7q31.2d::chr7:115581042-115591120(+)	2
L1FLnI_1q23.3t::chr1:164343621-164352243(+)	1
L1FLnI_11p14.3k::chr11:22967707-22978193(-)	1
L1FLnI_5q15ra::chr5:98109951-98120096(+)	1
L1FLnI_4q26ua::chr4:119273614-119283627(-)	2
L1FLnI_Xp11.22na::chrX:54765206-54773904(-)	8
L1FLnI_5p15.31q::chr5:9632811-9643146(-)	1
L1FLnI_3q13.33u::chr3:121350983-121360325(-)	1
L1FLnI_3p11.1d::chr3:87910357-87920514(+)	1
L1FLnI_18q12.1m::chr18:30021363-30030957(-)	1
L1FLnI_12q21.2j::chr12:77089930-77100093(-)	1
L1FLnI_Yq11.223v::chrY:21512436-21522460(-)	1
L1FLnI_14q21.3e::chr14:47811524-47821888(-)	1
L1FLnI_Xp11.21c::chrX:54853446-54863601(-)	1
L1FLnI_13q32.1k::chr13:96769371-96779824(+)	1
L1FLnI_2q22.1y::chr2:139966550-139975565(+)	1
L1FLnI_8q22.1ca::chr8:97013380-97022353(+)	1
L1FLnI_3q26.1z::chr3:166129279-166138408(-)	1
L1FLnI_5q12.1b::chr5:59627956-59636944(+)	1
L1FLnI_6p22.3n::chr6:19491643-19501739(+)	1
L1FLnI_Xp22.2v::chrX:16230179-16240356(-)	1
L1FLnI_2q33.1e::chr2:197634247-197644261(-)	1
L1FLnI_8p12ia::chr8:36121489-36131848(-)	1
L1FLnI_3q22.3o::chr3:137540102-137550288(+)	2
L1FLnI_11p12o::chr11:38860885-38869760(-)	1
L1FLnI_4q34.3b::chr4:176688930-176698629(+)	1
L1FLnI_Xq22.1ka::chrX:101710574-101720606(-)	1
L1FLnI_2p24.2e::chr2:17902959-17913096(-)	1
L1FLnI_1q31.2c::chr1:191123455-191132733(+)	1
L1FLnI_11q22.3da::chr11:108442565-108451284(+)	1
L1FLnI_6q14.1p::chr6:76955466-76965497(+)	1
L1FLnI_12q21.32p::chr12:87357283-87367617(-)	1
L1FLnI_11q14.1x::chr11:85139945-85150809(-)	1
L1FLnI_4q13.1l::chr4:59858133-59866868(-)	1
L1FLnI_5q21.3o::chr5:107155236-107164375(+)	1
L1FLnI_4q32.2e::chr4:162860812-162869546(+)	1
L1FLnI_2q35q::chr2:220406563-220416484(-)	1
L1FLnI_5q34ga::chr5:165384812-165393421(+)	1
L1FLnI_2p24.3q::chr2:15312750-15322897(+)	1
L1FLnI_3p14.3f::chr3:55216312-55226595(-)	1
L1FLnI_1p22.2w::chr1:91293307-91303449(+)	1
L1FLnI_2q14.1n::chr2:115980196-115988872(-)	1
L1FLnI_12q23.3a::chr12:103561591-103571366(+)	1
L1FLnI_9p13.1b::chr9:38874925-38883888(+)	2
L1FLnI_6q14.1wa::chr6:80491759-80501796(-)	1
L1FLnI_9p11.2g::chr9:41811750-41820622(-)	2
L1FLnI_8p12ka::chr8:36388074-36398108(-)	1
L1FLnI_6p12.2a::chr6:51848419-51858868(-)	1
L1FLnI_17q24.3b::chr17:69735054-69743899(-)	1
L1FLnI_5q31.1c::chr5:131340552-131349649(+)	1
L1FLnI_Yq11.221ma::chrY:15109577-15119809(+)	1
L1FLnI_3p14.1g::chr3:66305987-66316458(-)	2
L1FLnI_5q13.3j::chr5:75769022-75778844(-)	1
L1FLnI_17p13.3b::chr17:3083029-3091931(-)	1
L1FLnI_7q36.1h::chr7:150588858-150598698(-)	1
L1FLnI_2q22.3r::chr2:147185431-147195036(+)	1
L1FLnI_5p12ka::chr5:45844000-45854500(+)	1
L1FLnI_12q23.1ea::chr12:100007260-100017315(+)	1
L1FLnI_11q12.1r::chr11:58812479-58822598(+)	1
L1FLnI_1p31.1rb::chr1:79937887-79947919(-)	1
L1FLnI_11q14.2x::chr11:88224534-88235220(-)	2
L1FLnI_11q14.1aa::chr11:85384309-85394129(+)	1
L1FLnI_1q31.1ca::chr1:190630457-190639313(-)	1
L1FLnI_Yq11.221bb::chrY:16403170-16413275(-)	1
L1FLnI_9q21.11j::chr9:68586681-68595836(-)	8
L1FLnI_Yq11.223ba::chrY:21768578-21778702(+)	1
L1FLnI_Xq22.2c::chrX:103935645-103944667(-)	1
L1FLnI_Yp11.2kb::chrY:9206634-9216487(-)	1
L1FLnI_4q23p::chr4:99695255-99705699(+)	1
L1FLnI_12p12.3f::chr12:15943230-15953337(-)	1
L1FLnI_6q14.1la::chr6:79281173-79291282(+)	1
L1FLnI_13q31.1ka::chr13:84449663-84459887(-)	1
L1FLnI_Yq11.223qa::chrY:22992538-23002646(-)	1
L1FLnI_Xq12bb::chrX:67883455-67893592(-)	1
L1FLnI_4q24ca::chr4:104244653-104253389(-)	1
L1FLnI_17q22y::chr17:55998902-56009119(+)	1
L1FLnI_Yq11.221wa::chrY:16326952-16337082(-)	1
L1FLnI_9p13.1a::chr9:38775899-38786011(+)	2
L1FLnI_11q22.1z::chr11:100448359-100458419(+)	1
L1FLnI_6q14.2f::chr6:83627747-83637409(-)	1
L1FLnI_6q16.3ia::chr6:104377391-104387694(+)	2
L1FLnI_21q21.1i::chr21:16937524-16947046(-)	2
L1FLnI_Xp11.22aa::chrX:52156422-52166560(+)	1
L1FLnI_8q13.3i::chr8:70734981-70744679(-)	1
L1FLnI_10q23.33i::chr10:94787903-94797987(-)	1
L1FLnI_4q33l::chr4:170504566-170514694(-)	1
L1FLnI_1p36.33b::chr1:672412-682833(+)	8
L1FLnI_16p11.1j::chr16:36091423-36101558(-)	1
